rainfall_24h_mm,weekly_rainfall_mm,slope_degrees,elevation_m,soil_type,vegetation_cover,soil_moisture_pct,landslide
112.36,209.36,42.18,1979.95,1,0.914,57.97,0
285.21,197.58,57.35,599.92,1,0.525,22.41,1
219.6,725.0,54.41,2629.94,1,0.725,63.21,1
179.6,199.64,15.0,1878.04,2,0.436,38.33,0
46.81,217.56,14.7,555.89,0,0.63,14.71,0
46.8,607.52,22.43,2890.78,0,0.341,95.38,0
17.43,359.79,28.47,1603.26,1,0.301,67.73,0
259.85,621.37,31.55,311.41,3,0.578,88.92,1
180.33,52.29,49.18,1917.82,0,0.498,70.85,1
212.42,390.06,8.68,834.28,2,0.58,42.13,0
6.18,26.89,7.25,2430.71,3,0.287,56.14,0
290.97,50.12,30.47,2471.68,3,0.367,70.82,0
249.73,725.15,50.32,2938.95,3,0.084,96.42,1
63.7,111.4,17.57,1555.42,3,0.052,32.83,0
54.55,425.94,46.7,1419.37,0,0.253,88.75,1
55.02,328.88,21.89,2285.08,1,0.074,93.17,0
91.27,277.87,62.6,484.16,3,0.104,70.34,0
157.43,719.87,63.22,1686.05,2,0.813,93.81,1
129.58,17.46,24.32,1684.12,2,0.039,45.81,0
87.37,531.03,19.95,359.47,1,0.659,95.77,0
183.56,770.72,31.73,1312.15,0,0.273,73.25,1
41.85,448.13,20.63,2574.53,1,0.872,13.78,1
87.64,749.46,48.7,2582.85,3,0.485,91.62,1
109.91,41.81,58.69,387.79,0,0.306,53.6,1
136.82,335.03,48.75,363.09,0,0.518,51.43,1
235.55,208.13,58.58,861.82,3,0.382,60.98,0
59.9,584.66,30.8,2636.82,2,0.564,23.44,0
154.27,785.04,15.16,473.82,3,0.115,52.22,0
177.72,205.22,52.97,2187.99,1,0.997,84.8,1
13.94,523.34,28.43,393.38,3,0.426,11.39,0
182.26,158.48,48.63,1907.1,2,0.348,34.56,0
51.16,452.26,22.59,1132.6,3,0.71,10.22,0
19.52,371.15,10.28,2387.85,1,0.364,47.41,0
284.67,777.6,69.52,777.7,1,0.833,75.55,1
289.69,486.82,15.15,1953.69,2,0.454,81.89,1
242.52,279.61,69.25,783.48,1,0.72,95.07,1
91.38,91.28,68.52,2169.61,1,0.107,64.77,1
29.3,121.0,56.6,2633.67,3,0.846,32.92,0
205.27,180.25,47.86,467.73,0,0.736,93.17,1
132.05,200.77,42.56,2613.13,1,0.212,79.78,1
36.61,680.49,61.3,1821.37,1,0.145,61.7,1
148.55,448.98,23.81,468.62,2,0.316,72.61,0
10.32,418.71,35.4,1339.87,2,0.976,93.19,0
272.8,91.82,45.26,566.49,3,0.257,74.12,1
77.63,688.11,31.73,2131.01,3,0.456,43.15,0
198.76,578.25,32.79,2300.72,1,0.03,74.17,1
93.51,54.13,26.47,406.81,0,0.397,13.63,0
156.02,566.27,41.68,1567.81,0,0.571,44.78,1
164.01,434.83,60.29,2462.41,3,0.953,46.57,0
55.46,65.38,18.1,2814.87,2,0.517,25.02,0
290.88,366.64,65.74,1589.2,1,0.819,12.08,0
232.54,387.76,49.79,2855.81,1,0.547,22.0,1
281.85,132.62,58.51,1653.5,0,0.041,68.92,1
268.45,756.56,41.15,1243.15,3,0.315,82.21,1
179.37,679.98,55.67,2559.79,0,0.576,98.94,1
276.56,535.22,6.05,1529.65,0,0.951,41.17,0
26.55,369.84,58.19,1468.52,3,0.859,63.94,0
58.79,329.41,7.61,1521.91,2,0.228,94.34,0
13.57,520.78,62.84,2555.68,1,0.22,25.03,0
97.6,436.35,69.48,2512.63,2,0.201,74.59,1
116.6,49.82,24.11,1270.21,3,0.922,77.95,0
81.4,410.0,18.67,1066.57,3,0.853,18.01,0
248.62,645.12,54.75,1526.59,1,0.775,87.51,1
107.03,367.39,21.45,1761.04,2,0.393,83.18,0
84.28,41.57,61.26,791.18,1,0.504,13.01,0
162.81,629.02,11.68,2402.47,0,0.464,18.2,0
42.28,161.09,13.19,1510.8,0,0.253,14.42,0
240.66,206.9,68.64,1068.73,0,0.505,40.13,1
22.37,131.77,48.8,409.78,2,0.03,55.84,0
296.07,264.17,60.05,792.65,0,0.132,57.91,1
231.67,605.4,26.08,2852.92,1,0.887,34.09,0
59.61,415.51,48.97,984.79,2,0.752,92.04,1
1.66,163.91,43.63,589.69,1,0.423,43.14,0
244.64,702.26,44.2,1435.95,3,0.517,14.1,1
212.06,703.67,49.36,990.55,2,0.37,37.02,1
218.7,696.46,42.4,201.96,1,0.741,57.8,1
231.38,191.04,32.89,1037.12,1,0.784,46.74,0
22.21,360.99,22.93,1677.92,2,0.763,34.65,0
107.54,787.99,54.96,1699.97,3,0.723,21.82,0
34.76,617.61,19.71,1134.02,2,0.205,83.72,0
258.93,21.73,50.0,1397.18,0,0.338,99.65,1
186.99,52.16,20.17,2900.0,0,0.47,39.66,0
99.27,371.15,45.65,1194.31,3,0.331,44.35,0
19.07,727.38,53.56,848.86,1,0.755,65.62,0
93.29,430.96,19.22,806.05,1,0.329,74.66,0
97.55,398.25,8.9,1427.52,1,0.138,45.28,0
218.88,84.38,13.51,2302.61,2,0.399,91.44,0
191.27,525.42,44.39,697.37,2,0.98,60.4,1
266.16,657.68,60.21,2156.96,3,0.226,50.54,1
141.66,304.34,7.92,161.33,0,0.612,68.2,0
35.88,620.49,52.72,1314.91,1,0.433,95.75,1
213.97,771.58,27.19,2350.01,0,0.071,81.51,1
228.24,163.01,36.1,1082.33,2,0.488,13.6,1
168.38,418.66,65.38,1734.84,2,0.702,39.91,1
231.29,229.71,26.58,694.44,2,0.513,52.35,0
148.14,634.28,35.25,2251.79,0,0.872,38.31,0
156.82,462.07,5.89,251.61,3,0.289,73.02,0
128.26,507.67,10.3,2572.37,3,0.086,84.36,0
7.63,638.33,21.81,674.77,2,0.937,75.82,0
32.37,316.78,6.81,2635.75,1,0.378,99.04,0
9.43,732.07,46.04,1122.33,0,0.576,34.53,0
190.92,426.42,32.72,2195.78,2,0.792,88.75,0
94.31,126.36,40.63,1025.75,0,0.324,79.0,0
152.57,556.72,16.35,2727.14,0,0.716,42.6,0
272.27,634.61,24.24,467.25,3,0.135,76.07,0
74.79,253.41,48.15,617.71,2,0.291,19.37,0
123.11,685.74,67.74,1529.79,3,0.145,81.04,1
226.67,724.91,8.28,337.62,2,0.811,57.91,0
68.64,221.52,62.87,668.34,0,0.223,36.31,1
23.09,786.82,42.5,2836.92,3,0.717,69.02,0
86.93,112.57,41.65,2931.82,0,0.943,67.75,0
48.37,161.61,37.52,1191.15,2,0.528,28.85,0
278.91,147.38,9.51,2777.53,1,0.54,12.74,0
242.44,715.19,10.84,1679.99,3,0.461,49.03,0
190.02,523.43,44.06,882.25,3,0.326,61.26,1
261.44,121.68,27.16,2136.96,0,0.476,88.89,1
241.1,352.26,64.62,2010.82,0,0.603,93.54,1
55.97,492.24,31.43,2968.46,1,0.986,57.59,0
267.77,66.77,14.31,868.64,3,0.938,77.84,0
161.8,705.93,51.46,2048.97,2,0.862,49.54,1
242.23,642.88,24.07,250.87,2,0.889,77.15,1
268.83,404.17,39.16,429.57,3,0.468,28.43,0
95.4,773.7,50.36,111.36,3,0.657,43.4,0
33.02,334.21,63.52,2998.44,3,0.895,67.08,0
68.38,787.29,56.49,2426.59,1,0.393,11.63,1
128.13,534.34,48.96,2381.5,2,0.962,75.02,0
245.4,507.74,49.18,1578.21,2,0.416,85.2,1
258.22,132.76,66.49,970.19,0,0.601,45.92,1
2.09,705.54,24.23,538.67,0,0.71,50.31,0
153.22,341.99,5.07,925.56,3,0.951,86.62,0
125.22,129.79,22.68,1190.32,0,0.245,79.81,0
66.63,10.09,19.16,2293.3,1,0.746,35.93,0
35.96,447.8,48.02,1665.02,2,0.521,39.16,0
101.28,421.92,46.19,324.7,2,0.269,71.1,0
282.87,575.48,43.57,152.28,0,0.777,60.69,1
96.96,712.21,6.06,396.76,3,0.552,24.6,0
155.64,63.53,52.37,1290.45,0,0.661,37.89,0
210.91,585.2,26.03,2806.26,3,0.323,91.0,1
109.09,149.93,48.23,1948.47,1,0.481,71.94,0
291.53,686.54,41.18,2425.3,2,0.617,98.74,1
288.73,655.25,27.28,1452.49,1,0.405,79.03,1
75.53,432.64,13.75,1148.83,2,0.198,94.78,0
149.17,568.19,11.14,414.36,1,0.962,29.46,0
90.26,251.48,59.05,2640.21,0,0.511,79.43,1
85.45,376.93,64.7,2371.16,1,0.734,11.82,0
11.07,657.31,47.24,587.54,1,0.411,70.37,0
182.87,367.41,11.72,1585.56,0,0.355,52.24,0
150.8,286.24,31.13,1513.39,2,0.407,41.21,1
15.44,395.37,52.38,1912.77,2,0.409,87.62,0
83.59,662.6,55.69,2843.94,0,0.544,86.88,1
272.48,268.17,12.68,1781.34,1,0.543,12.01,0
71.87,139.01,5.0,1666.63,1,0.497,64.86,1
43.47,569.61,51.29,245.94,1,0.135,43.1,1
146.84,660.78,28.18,282.43,3,0.496,47.41,0
295.7,80.51,21.54,643.31,2,0.169,84.88,1
72.62,191.9,5.84,194.17,1,0.126,37.89,0
201.64,113.58,40.12,2255.72,2,0.933,94.87,1
228.49,278.35,60.32,2197.66,1,0.605,26.17,1
71.29,360.28,67.25,494.56,0,0.659,69.65,1
218.46,599.06,41.77,2524.63,0,0.402,70.49,1
110.33,520.92,38.44,548.88,2,0.909,32.7,0
189.69,496.74,10.53,973.41,2,0.638,39.23,0
190.06,281.9,40.68,822.03,0,0.769,85.13,1
160.73,673.16,29.7,1179.69,3,0.369,78.56,0
27.09,377.03,44.46,838.52,0,0.96,39.62,0
250.59,783.28,30.27,1517.96,1,0.82,58.06,1
96.23,507.31,20.62,1281.48,3,0.854,15.55,0
55.96,101.01,11.17,2961.05,0,0.172,28.79,0
12.23,540.94,25.47,262.19,3,0.271,53.72,0
177.27,260.08,11.28,512.33,3,0.286,17.74,0
203.27,549.06,16.5,253.2,3,0.271,85.9,0
4.98,55.71,69.18,1914.94,2,0.855,74.62,0
153.63,139.91,33.87,258.08,0,0.032,94.93,1
67.95,684.59,39.57,2525.68,2,0.076,72.41,1
193.55,181.74,61.79,1584.62,2,0.274,94.64,1
52.31,669.63,69.71,1628.32,1,0.2,59.91,1
207.28,223.42,42.88,1728.62,1,0.232,64.02,1
116.02,514.31,57.81,595.36,3,0.798,97.93,1
281.02,555.32,26.25,673.3,3,0.563,67.79,1
41.26,410.12,24.87,1024.57,1,0.006,12.77,0
102.32,244.25,31.18,1821.14,1,0.429,75.14,0
34.04,170.12,48.71,709.34,0,0.408,91.49,0
277.41,26.55,49.34,437.36,3,0.114,81.6,0
263.2,243.16,25.49,2913.34,3,0.676,62.54,0
77.38,522.53,13.66,163.75,1,0.702,70.42,0
198.0,750.64,46.11,2427.82,0,0.721,99.12,1
245.17,696.96,13.34,2385.3,1,0.728,18.16,0
166.56,612.85,42.6,961.92,1,0.0,70.05,1
158.9,630.76,50.07,493.32,2,0.954,35.51,1
72.56,531.99,50.54,522.32,3,0.814,67.61,0
27.93,208.23,53.98,2122.55,0,0.904,64.69,0
269.16,725.76,61.74,1964.14,2,0.016,23.81,1
270.13,536.59,37.5,2369.96,3,0.934,28.61,1
189.93,448.35,52.47,2818.7,1,0.81,65.95,1
101.71,88.79,45.25,2106.59,0,0.837,21.54,0
104.76,357.64,17.13,551.97,3,0.093,33.87,0
217.79,368.29,6.67,805.98,1,0.739,85.17,0
269.13,691.65,23.5,2542.36,2,0.96,39.44,0
266.13,437.32,33.8,706.99,0,0.679,53.93,1
233.96,304.32,45.11,310.31,3,0.571,94.7,1
192.61,781.44,60.25,2139.51,2,0.946,30.44,1
25.24,88.58,17.76,1267.33,1,0.443,45.07,1
48.49,338.04,13.16,2768.12,1,0.599,64.58,0
269.57,33.62,67.63,1985.74,3,0.476,77.98,1
181.93,591.92,12.02,362.22,1,0.933,91.15,0
2.76,734.46,36.1,2848.78,0,0.076,92.39,1
30.44,224.03,43.06,849.82,3,0.501,79.9,0
199.05,686.67,40.19,1077.92,2,0.687,30.55,1
1.52,233.77,10.59,1266.56,3,0.792,12.23,0
48.24,728.62,8.71,248.55,3,0.583,44.54,1
164.62,603.17,11.86,1539.89,2,0.909,22.74,0
207.57,643.93,43.06,457.62,1,0.942,73.93,1
195.59,14.41,40.38,1262.81,2,0.064,69.5,0
67.28,770.25,20.19,1117.06,0,0.402,13.96,0
213.65,581.34,46.46,2341.24,1,0.023,85.29,1
71.17,243.8,58.3,2429.19,3,0.329,32.39,0
97.62,663.52,7.7,544.9,1,0.537,48.9,0
223.95,225.22,37.38,1163.0,1,0.911,70.11,0
194.89,698.2,49.81,1182.72,0,0.847,48.65,0
254.77,90.06,21.4,539.09,1,0.127,49.72,0
197.28,562.95,25.01,2415.52,1,0.093,15.91,0
170.49,432.56,44.89,2150.96,1,0.589,46.13,1
28.1,77.23,63.37,652.11,3,0.532,78.84,0
110.31,193.52,57.65,1163.49,1,0.266,92.37,1
79.56,9.92,42.9,406.83,2,0.899,47.21,0
73.2,375.01,52.46,1921.8,1,0.927,48.12,0
291.9,241.01,28.71,451.98,0,0.403,73.24,1
117.93,478.69,46.66,2959.21,1,0.89,94.85,1
267.61,237.79,35.3,2363.98,1,0.384,34.04,1
189.34,239.94,17.35,1231.69,3,0.737,49.61,0
238.44,594.55,50.61,1777.84,2,0.476,81.64,1
150.79,38.51,41.17,2742.89,1,0.123,64.87,0
173.07,722.32,28.31,1706.89,2,0.928,19.95,0
147.76,681.81,64.24,606.05,0,0.454,66.5,1
58.57,534.24,6.36,1198.24,3,0.734,26.81,0
216.74,474.58,25.53,2545.12,2,0.367,55.92,0
84.23,713.84,8.7,1968.22,3,0.019,57.62,0
7.29,148.26,54.82,1987.1,1,0.101,88.86,0
193.64,63.18,50.64,2613.78,0,0.496,51.62,1
53.13,191.61,26.54,2692.52,3,0.69,35.15,0
282.14,635.66,48.92,2767.4,1,0.335,30.79,1
286.18,27.74,30.74,375.06,2,0.695,88.68,0
274.46,466.25,54.16,1677.97,0,0.699,25.39,1
111.05,796.35,34.52,2247.48,0,0.704,48.33,1
4.64,684.56,31.8,2295.09,2,0.493,26.85,0
278.5,417.16,65.76,1859.48,2,0.915,79.6,0
128.46,50.91,21.31,583.68,0,0.489,52.69,0
290.0,665.1,12.83,2412.52,3,0.45,41.6,0
289.09,479.18,43.0,2188.32,0,0.199,42.5,1
255.9,91.95,68.01,349.79,2,0.308,86.7,1
88.33,75.09,29.56,1445.05,3,0.042,59.84,0
115.53,727.7,9.03,604.53,1,0.634,74.61,0
255.34,535.36,27.05,1078.68,0,0.249,90.73,1
95.08,663.43,37.89,152.44,2,0.304,91.16,1
50.85,703.18,15.52,1260.96,1,0.771,39.57,0
167.04,457.42,47.78,1694.64,0,0.327,95.72,1
280.85,413.96,69.85,1896.79,0,0.242,12.24,1
208.81,344.34,34.36,2024.12,3,0.169,43.92,0
171.02,253.56,28.06,2525.24,2,0.775,90.62,0
29.15,347.68,31.05,724.84,1,0.13,34.72,0
184.5,619.1,12.48,449.4,0,0.454,34.58,0
297.02,481.54,62.41,2569.46,3,0.507,37.24,1
42.03,714.02,31.96,554.18,1,0.687,65.11,0
155.5,354.7,30.17,2926.8,1,0.633,49.45,0
263.21,485.67,47.88,2543.36,0,0.811,75.41,1
222.23,505.05,33.73,1552.54,1,0.045,90.54,1
209.1,473.36,47.14,2946.12,0,0.296,70.68,1
210.75,562.11,8.99,382.39,3,0.28,28.4,0
107.85,189.95,57.89,978.89,3,0.146,93.94,0
88.08,409.89,66.13,1950.85,1,0.289,33.8,1
242.81,83.38,47.17,1115.02,0,0.31,23.49,1
243.03,307.61,67.05,2792.28,2,0.522,18.1,1
260.12,390.13,14.84,290.32,3,0.664,60.7,0
273.97,521.78,36.03,1693.29,0,0.381,20.24,1
153.4,760.42,44.12,1813.51,0,0.719,22.49,1
150.45,480.52,42.81,1992.91,0,0.336,37.0,1
239.49,594.88,31.1,841.43,1,0.29,35.35,1
194.99,405.01,26.98,1157.24,2,0.541,64.38,0
210.59,507.28,13.24,2546.67,1,0.024,83.51,1
238.74,56.75,30.46,665.33,3,0.08,78.52,0
267.0,203.51,15.57,2497.92,1,0.418,33.62,0
101.4,289.48,52.73,1731.7,0,0.943,32.08,0
112.67,377.99,18.57,2310.34,1,0.722,96.92,0
28.19,36.52,8.81,2169.46,0,0.088,10.74,0
173.48,112.02,40.9,701.78,2,0.846,89.17,1
10.78,221.45,43.69,1749.56,1,0.732,27.98,0
139.68,777.23,61.67,2616.4,1,0.611,95.26,1
162.79,265.08,42.5,1353.14,1,0.82,40.81,0
85.96,385.63,27.46,2903.11,0,0.404,49.63,0
177.25,156.88,57.2,1411.42,0,0.222,73.64,1
9.15,488.62,40.12,514.08,1,0.512,62.89,0
11.2,224.55,10.15,1229.36,1,0.549,38.61,0
246.78,165.59,41.78,2859.94,2,0.538,59.84,1
108.06,413.26,64.02,1027.19,2,0.565,75.76,1
38.12,4.4,30.76,2617.48,3,0.949,13.81,0
156.67,6.13,24.26,2655.63,2,0.902,11.01,0
231.0,175.26,14.33,1115.54,2,0.876,51.23,0
64.75,29.38,14.84,341.45,2,0.801,21.87,0
186.87,86.42,33.13,2201.22,0,0.943,69.79,0
25.6,271.09,43.72,1003.39,2,0.098,29.26,0
15.5,642.07,10.24,2370.48,2,0.265,48.96,0
159.41,457.64,66.07,1383.7,1,0.495,27.79,1
162.19,410.13,54.08,1507.27,0,0.847,59.36,1
191.23,234.79,43.13,2355.94,3,0.505,20.44,0
217.83,745.4,58.85,1208.85,3,0.748,12.08,1
292.76,317.61,10.21,1385.07,2,0.139,14.6,0
154.89,69.67,35.99,1190.95,3,0.252,95.88,0
96.89,493.65,45.96,1165.29,3,0.732,22.81,0
238.56,91.07,58.86,1625.25,3,0.165,73.76,1
81.25,276.18,55.93,2445.52,2,0.351,16.11,0
131.69,405.93,23.01,1149.13,3,0.265,19.73,0
23.54,699.38,66.16,1620.34,2,0.35,55.8,1
7.61,394.84,13.08,2045.11,1,0.708,51.84,0
288.79,561.81,61.88,881.37,1,0.368,95.64,1
250.79,794.25,68.11,904.82,3,0.555,95.04,1
208.79,105.19,16.51,2806.9,1,0.1,80.16,0
122.69,219.79,51.93,2198.25,2,0.805,64.19,0
51.99,315.66,7.62,1773.84,1,0.37,50.95,0
46.93,337.46,31.35,1978.39,3,0.649,42.06,0
75.07,328.82,38.56,184.97,2,0.725,95.24,0
164.77,726.09,42.74,1892.5,0,0.21,64.26,1
214.38,571.23,65.84,1577.58,2,0.885,62.12,1
198.06,486.32,48.7,1682.67,1,0.616,30.87,1
83.98,247.5,36.28,1142.33,0,0.429,14.2,0
286.46,659.03,57.63,336.27,2,0.182,95.07,1
221.37,764.05,66.78,660.68,0,0.942,38.24,0
166.31,656.96,6.43,2857.16,0,0.755,49.83,0
183.52,1.25,68.86,1285.23,0,0.208,20.32,1
125.88,509.12,10.6,1453.38,2,0.338,85.32,1
74.32,40.91,57.94,252.86,1,0.81,12.49,0
106.79,206.09,23.22,208.94,2,0.696,85.06,0
227.35,47.62,13.59,2179.83,1,0.766,22.63,0
4.32,483.04,33.59,1660.47,2,0.441,89.79,0
34.82,549.27,46.86,1575.25,2,0.716,75.68,0
13.8,91.59,29.76,805.06,2,0.386,24.82,0
12.22,307.07,8.55,2259.78,1,0.211,60.92,0
256.64,364.99,43.96,587.89,2,0.633,38.14,1
211.1,295.24,63.66,650.81,0,0.976,26.04,1
142.25,96.82,29.91,1436.07,2,0.311,87.33,0
29.35,335.16,19.06,930.21,0,0.461,46.32,0
147.48,600.94,33.77,817.64,3,0.674,45.87,0
142.04,56.81,8.14,1971.19,3,0.542,25.29,0
51.96,64.14,58.33,1987.82,1,0.843,44.48,0
130.16,283.82,58.71,2491.1,1,0.762,88.45,1
119.55,753.38,43.22,1311.35,3,0.058,42.68,0
184.76,534.86,27.95,311.95,2,0.998,95.64,0
190.53,542.94,56.99,893.63,2,0.752,95.17,1
13.59,289.54,41.05,2942.02,2,0.864,23.04,0
112.38,474.93,58.69,1829.15,3,0.651,25.96,0
187.76,8.1,46.04,2158.24,0,0.856,87.64,1
150.94,508.88,55.99,121.34,1,0.112,45.35,1
256.95,730.63,43.91,1602.8,0,0.348,10.39,1
197.61,490.06,31.92,208.83,3,0.876,34.65,0
48.88,698.96,67.27,1750.77,0,0.202,63.79,1
21.17,579.18,40.17,2770.24,2,0.078,81.93,0
192.73,96.45,44.33,2908.42,2,0.788,22.0,0
7.95,721.96,19.33,1667.6,0,0.835,19.95,0
175.73,53.16,45.67,1428.79,3,0.163,92.99,0
282.07,427.17,42.15,2840.55,0,0.854,77.6,1
172.64,113.71,17.01,2053.47,2,0.687,63.08,0
116.45,9.37,8.87,288.21,2,0.52,79.23,0
192.99,337.63,44.28,1450.6,3,0.83,48.6,0
137.48,236.03,54.64,796.71,0,0.419,78.26,1
163.69,388.8,39.02,1462.43,2,0.194,43.46,0
282.44,461.76,19.74,1420.85,2,0.285,31.97,0
115.83,34.99,48.32,1788.22,0,0.505,75.61,0
288.36,98.4,10.21,1134.63,0,0.531,47.77,0
271.61,446.91,33.72,576.38,1,0.806,98.32,1
58.74,274.53,15.62,1560.79,3,0.791,41.45,0
20.81,583.34,16.99,2507.59,3,0.581,92.96,0
30.23,521.83,18.15,2025.64,0,0.781,93.97,0
5.47,676.48,30.14,1081.27,3,0.192,31.77,0
28.33,553.99,8.32,2813.02,2,0.05,81.84,0
204.9,343.94,30.86,2745.4,0,0.874,48.98,0
21.36,538.37,38.26,707.11,0,0.076,92.58,1
95.69,220.3,36.41,214.31,0,0.247,50.51,0
253.46,245.05,29.88,2249.8,1,0.695,76.99,0
6.98,631.19,59.54,2500.07,3,0.409,52.03,0
244.34,357.14,14.45,2906.81,1,0.876,30.5,0
84.56,638.7,37.87,2680.53,2,0.298,27.94,0
35.45,657.94,9.03,1841.55,3,0.012,48.29,0
209.02,686.05,9.63,1637.15,1,0.301,77.99,1
188.68,733.31,42.3,180.74,0,0.578,64.46,1
263.24,344.79,41.79,815.3,1,0.376,71.98,1
220.52,255.09,62.07,1432.88,0,0.535,35.41,1
241.04,465.76,41.26,1922.66,1,0.877,53.33,1
84.61,296.94,67.39,1716.03,1,0.912,14.0,0
53.23,480.86,8.17,2253.64,1,0.266,83.58,0
225.18,564.47,11.37,911.32,0,0.462,99.09,1
242.05,550.72,7.86,1738.36,1,0.549,46.62,0
297.15,299.64,17.04,355.61,3,0.949,10.99,0
123.79,133.49,40.18,1299.63,3,0.999,25.28,0
111.61,344.42,46.96,2275.47,3,0.235,68.73,0
232.92,114.08,7.96,2110.86,0,0.727,65.09,0
102.24,712.08,66.49,2972.86,0,0.378,80.91,1
279.23,276.7,59.74,905.88,3,0.008,32.85,1
257.52,123.57,24.28,1544.75,3,0.009,78.73,0
128.7,20.36,10.02,1055.64,3,0.461,71.92,0
225.26,516.66,16.04,1377.75,2,0.488,39.05,0
226.36,509.52,13.25,2585.16,3,0.023,59.09,0
30.94,272.48,13.01,2084.21,1,0.687,23.25,0
270.77,57.37,38.71,2659.08,2,0.294,50.73,1
151.58,327.7,20.98,690.18,2,0.56,89.31,0
247.94,248.97,28.28,2632.75,0,0.301,47.91,1
96.01,541.7,69.32,273.31,1,0.167,85.56,1
268.66,484.62,49.48,2676.94,0,0.407,63.12,1
116.76,291.67,66.68,1054.31,0,0.232,27.27,1
3.25,174.31,14.27,1012.3,1,0.535,62.3,0
271.61,790.43,29.84,1585.06,0,0.199,55.54,1
27.39,363.2,41.06,2828.0,1,0.508,45.88,0
95.79,550.62,9.99,238.57,1,0.157,20.77,0
285.02,112.44,5.27,1121.47,0,0.671,47.5,0
285.18,388.47,48.58,2584.06,3,0.754,16.55,0
172.03,22.03,46.72,1248.56,0,0.11,18.89,0
189.55,404.36,31.7,677.56,2,0.468,47.43,0
134.53,771.21,36.83,1331.9,0,0.071,37.48,1
87.96,307.37,32.0,1218.1,1,0.598,93.3,0
98.6,31.2,6.56,2754.71,2,0.264,43.81,0
201.76,24.76,26.8,2309.61,1,0.528,78.21,0
225.71,310.39,16.51,1564.84,3,0.517,57.72,0
237.47,128.02,11.4,2966.27,3,0.924,73.37,0
236.89,18.68,67.19,1449.3,2,0.549,33.41,1
27.36,604.97,43.96,268.89,3,0.583,94.77,0
148.33,366.82,52.36,860.6,3,0.402,57.71,0
17.27,231.4,25.5,1364.6,0,0.949,84.82,0
164.86,720.07,30.55,555.02,0,0.777,42.85,1
132.46,92.91,20.4,2847.94,3,0.285,19.02,0
266.31,764.74,11.3,2323.86,3,0.844,70.63,0
105.27,251.17,16.64,878.03,0,0.432,10.7,0
35.12,710.72,56.84,1813.33,3,0.829,52.78,0
42.9,482.35,49.04,2192.2,3,0.823,27.35,0
228.45,661.37,40.55,2829.71,1,0.189,66.46,1
185.47,787.21,35.88,2656.74,3,0.701,98.15,1
30.34,230.72,64.96,1594.06,2,0.291,51.8,0
25.23,768.91,9.73,2346.49,1,0.297,83.57,0
210.29,311.59,23.24,1730.22,2,0.296,55.7,0
21.83,308.41,27.75,1702.84,3,0.726,54.63,0
246.56,272.31,55.86,432.75,0,0.23,93.74,1
211.87,433.13,69.51,465.8,1,0.001,90.1,1
24.4,123.32,20.64,1635.65,0,0.715,80.72,0
25.45,442.97,61.83,879.7,1,0.171,36.66,0
295.99,433.36,58.99,161.01,0,0.104,59.05,1
112.28,609.52,19.6,2196.23,1,0.238,30.15,0
111.19,666.92,30.96,194.21,1,0.38,49.95,0
243.84,352.35,31.63,1826.3,2,0.476,53.58,1
284.17,241.87,68.58,1663.66,0,0.045,84.85,1
295.8,207.47,16.76,2909.56,2,0.971,90.64,0
226.01,155.7,56.95,1504.22,2,0.716,47.32,1
112.88,46.12,26.72,284.44,0,0.323,11.59,0
25.05,273.96,52.51,1699.9,1,0.319,87.56,0
233.14,216.2,32.3,2539.18,2,0.449,25.69,0
167.52,773.13,42.59,2990.86,0,0.626,65.97,1
127.27,446.17,59.12,1348.0,1,0.146,12.25,1
271.91,277.82,57.27,1028.87,2,0.189,45.96,1
33.36,464.37,61.32,2729.29,2,0.859,98.74,0
147.79,111.36,8.88,654.6,2,0.256,19.06,0
3.41,355.23,49.98,1884.74,1,0.38,48.13,0
140.6,500.99,14.1,1276.57,2,0.871,37.64,0
16.89,391.12,32.03,219.14,1,0.663,91.46,0
35.65,321.42,40.66,1107.14,3,0.342,88.24,0
35.26,795.08,31.18,869.16,2,0.684,31.39,0
194.76,704.25,38.77,2089.66,3,0.02,17.31,1
223.81,498.72,69.77,2851.49,0,0.736,66.44,1
175.01,455.5,13.79,877.34,2,0.487,40.27,0
288.65,496.53,48.9,2453.25,0,0.813,70.49,1
112.46,161.05,30.74,260.54,0,0.955,12.89,0
85.71,316.11,13.65,1660.55,0,0.926,22.01,0
260.58,31.57,15.32,304.6,3,0.909,71.77,0
67.08,380.44,66.7,2808.7,1,0.512,29.11,0
288.97,434.42,62.17,2322.42,3,0.36,87.18,1
3.65,182.2,63.96,2008.05,3,0.465,15.27,0
290.96,771.22,69.45,2489.3,0,0.69,29.39,1
12.95,727.56,18.54,1977.81,2,0.884,99.87,0
267.34,577.71,28.1,2909.94,1,0.207,48.98,1
158.31,426.71,48.5,2170.48,0,0.918,73.27,1
297.89,695.98,36.45,2781.51,1,0.815,26.44,1
22.14,104.52,32.2,1599.68,3,0.979,64.89,0
166.16,632.41,28.26,439.49,1,0.88,75.35,0
290.79,99.86,43.6,1631.72,1,0.28,38.3,1
156.93,635.37,42.41,467.93,2,0.106,84.6,1
188.82,220.61,15.49,1818.23,0,0.112,64.31,0
208.72,701.67,35.66,1499.23,1,0.291,45.02,1
136.36,755.23,40.98,1905.47,1,0.614,60.19,1
188.27,119.04,42.07,129.14,3,0.804,61.91,0
175.29,370.14,18.66,665.04,3,0.899,24.9,1
270.35,784.79,53.25,1524.86,1,0.624,46.25,1
13.63,386.73,6.64,2856.46,0,0.006,40.91,0
84.29,690.84,28.06,1212.47,1,0.186,46.08,0
285.12,470.99,55.71,1330.68,1,0.1,78.5,1
267.08,300.26,41.65,2172.62,2,0.363,53.43,0
136.7,228.63,21.98,1851.0,0,0.501,94.63,0
186.04,162.58,50.17,966.89,2,0.043,36.43,1
83.21,609.44,41.88,1291.37,0,0.348,47.41,1
56.44,309.23,56.76,731.33,0,0.179,80.83,1
139.11,409.02,52.78,2901.46,0,0.647,59.14,1
106.01,393.86,44.66,478.84,2,0.464,59.23,0
175.1,461.82,36.73,1178.33,2,0.495,14.8,0
23.32,692.46,13.66,174.93,2,0.428,45.87,0
292.32,784.59,21.99,743.16,3,0.956,34.37,0
295.86,326.07,32.24,2363.37,2,0.215,99.94,1
209.45,662.02,43.95,683.41,3,0.517,37.75,1
160.83,611.62,38.39,332.18,3,0.736,89.6,0
92.86,458.82,23.73,1475.91,3,0.557,70.86,0
244.14,764.84,5.42,128.91,1,0.929,40.68,0
205.42,160.38,37.26,345.82,1,0.378,58.92,0
48.79,87.41,23.57,2442.12,1,0.464,85.65,0
273.28,683.17,52.75,2337.27,3,0.089,89.5,1
246.76,351.32,6.56,2753.9,3,0.609,24.44,0
284.94,677.58,43.01,2578.09,0,0.288,40.56,1
217.72,714.47,66.2,2081.21,3,0.16,40.17,1
184.02,49.97,16.34,251.77,1,0.545,13.78,0
125.47,706.77,35.66,2370.26,3,0.532,63.84,0
279.82,358.66,10.94,2551.98,3,0.076,86.93,0
259.82,408.35,45.67,2417.34,0,0.698,44.34,1
13.57,501.27,40.78,1574.59,3,0.624,76.6,0
7.91,741.11,31.48,775.42,2,0.189,66.49,0
112.94,15.29,38.89,2551.46,0,0.469,43.81,0
243.17,381.47,63.28,2208.77,3,0.72,22.7,1
296.18,550.18,17.76,2944.21,3,0.529,73.84,0
45.13,578.17,6.47,551.51,0,0.395,86.91,0
178.24,554.03,61.01,754.43,3,0.322,71.73,1
114.27,107.55,42.51,714.21,1,0.61,11.61,0
290.97,239.52,62.89,2398.37,2,0.939,29.46,1
252.64,286.97,43.8,642.03,2,0.672,16.25,0
251.5,643.55,57.66,293.31,1,0.075,61.33,1
140.61,223.01,32.93,2995.83,3,0.461,78.08,0
124.45,168.56,53.74,171.97,3,0.891,19.95,0
82.02,765.96,64.35,2522.21,2,0.094,85.45,1
16.91,7.09,42.19,1159.56,3,0.989,60.0,0
259.42,798.26,16.75,2540.68,2,0.949,72.1,1
243.87,541.46,22.47,1708.4,2,0.078,97.43,1
299.92,662.78,17.91,2714.73,1,0.933,17.53,0
298.99,235.7,21.05,2785.96,2,0.363,91.11,1
166.63,11.45,24.92,126.38,3,0.845,21.35,0
230.7,590.3,41.08,318.7,3,0.418,45.37,1
283.43,667.32,43.22,826.04,0,0.441,86.63,1
254.89,592.38,32.72,2041.01,3,0.634,91.56,1
74.2,114.28,45.0,2675.99,0,0.774,55.57,0
135.16,602.74,10.3,1433.83,2,0.034,63.47,1
38.75,615.14,10.71,1860.22,3,0.593,73.73,0
286.22,526.83,16.17,646.65,1,0.187,84.95,1
181.85,612.89,38.68,2434.4,1,0.346,20.94,1
68.59,676.74,18.91,2905.25,1,0.348,82.91,0
201.51,490.88,23.41,878.94,2,0.469,53.31,0
185.44,70.88,31.02,1535.0,2,0.334,50.56,0
107.45,390.1,57.77,349.74,0,0.107,48.15,1
34.07,62.12,5.9,1721.5,1,0.146,55.83,0
201.47,326.03,47.21,1558.07,0,0.033,95.05,1
156.09,325.69,48.48,518.87,0,0.47,59.34,1
231.7,52.81,56.91,1381.99,3,0.954,95.79,0
156.05,279.06,65.63,1068.9,3,0.116,26.23,0
255.65,88.8,6.31,1613.31,1,0.946,75.17,0
165.57,646.59,15.0,1798.4,2,0.733,83.1,0
168.28,758.15,62.6,124.64,3,0.637,71.12,1
263.0,57.85,34.8,2306.92,2,0.645,64.62,0
121.04,764.09,41.7,2167.74,0,0.827,60.83,1
40.2,418.06,48.1,1162.23,0,0.107,87.48,1
8.63,239.65,49.14,253.51,0,0.505,83.95,0
226.54,61.49,65.56,2289.3,0,0.697,21.01,1
186.09,400.5,69.8,2870.01,1,0.587,86.37,1
211.22,635.61,51.81,796.44,0,0.833,47.27,1
63.89,565.67,23.67,1038.22,3,0.072,32.83,0
40.91,40.18,62.18,633.06,0,0.691,88.28,0
4.36,58.32,8.2,1773.11,2,0.534,48.88,0
105.18,322.3,20.02,549.04,3,0.379,82.75,0
176.98,236.23,63.33,1132.96,2,0.34,33.71,1
117.67,185.91,21.65,2121.34,2,0.621,10.35,0
131.24,224.8,19.34,1724.34,1,0.891,54.59,0
271.25,642.79,13.98,1220.74,1,0.496,19.02,0
104.48,743.38,60.84,1318.72,2,0.825,77.89,1
154.2,324.08,37.5,1730.12,2,0.402,34.85,0
235.1,724.89,48.87,117.01,0,0.102,49.93,1
118.96,257.2,20.54,327.68,3,0.062,17.83,0
186.63,381.15,54.27,2655.65,0,0.051,35.8,1
258.71,180.82,54.4,325.85,1,0.38,80.33,1
284.86,512.38,25.32,2149.73,1,0.337,23.64,1
44.12,783.18,31.69,2768.11,0,0.718,68.24,0
277.98,482.79,18.63,884.98,3,0.743,92.57,0
147.63,286.25,68.48,1174.43,2,0.051,71.19,1
77.47,518.25,46.96,1749.87,0,0.221,82.99,1
137.74,98.34,65.75,2656.96,1,0.274,19.81,0
294.01,710.93,24.72,2831.53,3,0.548,32.57,1
147.79,402.47,55.82,2244.73,1,0.145,90.51,1
98.63,359.48,54.78,351.2,3,0.134,74.36,0
190.02,468.69,49.96,2040.55,3,0.944,67.56,0
72.04,499.83,67.77,1289.88,3,0.804,69.74,0
22.76,57.42,30.58,1465.03,0,0.181,47.28,0
38.66,546.09,13.5,242.53,0,0.407,14.01,0
38.41,193.55,48.66,654.08,0,0.356,80.6,0
45.57,571.16,52.41,2392.49,3,0.791,71.08,0
41.65,658.03,42.38,1416.48,3,0.51,52.55,0
192.26,643.17,18.44,974.82,1,0.128,90.98,1
54.56,442.0,37.79,1213.66,2,0.739,40.25,0
103.7,416.14,25.29,2577.76,0,0.397,36.49,0
269.04,114.3,32.79,2272.1,3,0.263,88.55,0
142.19,620.28,46.94,889.71,1,0.375,81.73,0
200.27,217.13,53.44,440.76,1,0.498,56.35,1
51.7,397.36,20.09,830.79,1,0.343,21.77,0
57.69,227.42,31.35,2770.19,0,0.242,29.36,0
12.26,107.06,22.5,1786.61,0,0.399,69.06,0
50.68,503.65,17.91,1647.09,2,0.019,44.65,0
83.58,43.47,55.92,1829.54,1,0.772,85.28,0
53.1,598.92,64.1,1161.48,0,0.171,95.5,1
26.61,254.07,29.07,2440.61,1,0.044,82.51,1
36.19,0.11,53.83,1617.53,3,0.654,43.98,0
138.23,408.9,63.3,438.57,1,0.774,80.98,1
61.9,37.48,60.0,474.29,2,0.814,41.63,0
109.28,220.94,16.88,1656.89,0,0.494,25.04,0
151.03,565.58,67.16,2816.05,3,0.205,13.01,0
207.12,50.15,29.48,994.22,0,0.737,44.71,1
11.79,671.47,27.05,2621.67,3,0.7,91.32,1
239.82,3.06,9.06,2315.88,1,0.246,31.51,0
188.37,197.46,36.6,818.66,1,0.903,28.59,1
24.53,592.72,12.09,205.39,2,0.104,97.28,0
262.07,253.02,21.16,395.36,2,0.983,12.25,0
276.26,81.51,25.6,2212.63,3,0.86,80.72,0
18.32,288.19,57.57,679.04,2,0.688,38.92,0
83.06,216.31,61.91,1176.69,2,0.939,13.37,0
241.86,674.17,24.66,1554.93,2,0.722,92.6,1
224.48,250.68,60.82,2203.86,2,0.19,22.57,1
55.36,631.15,60.72,428.37,1,0.442,59.66,1
62.8,713.5,54.7,1278.46,2,0.072,34.66,1
111.14,347.05,14.54,1506.71,1,0.39,15.87,0
145.36,727.95,49.87,1668.4,1,0.742,14.49,1
185.48,301.85,66.43,2473.25,0,0.386,20.4,1
110.67,771.26,49.37,597.87,1,0.33,16.42,1
138.76,71.43,26.56,2442.71,1,0.595,78.45,0
224.24,549.62,37.54,2109.35,2,0.872,53.7,1
11.0,395.05,46.97,1712.03,1,0.048,40.86,0
75.73,310.12,38.19,2128.63,3,0.385,47.65,1
214.0,506.17,12.8,1294.85,2,0.158,93.61,1
268.56,563.09,25.28,501.35,2,0.695,91.97,1
153.5,3.49,57.16,2030.72,2,0.106,74.41,1
159.63,133.56,60.99,1621.55,0,0.665,89.62,1
32.15,570.44,13.92,1954.19,2,0.286,38.77,0
134.22,533.11,66.91,1080.2,1,0.199,44.3,1
159.79,772.84,26.37,2729.91,3,0.936,65.23,0
72.74,608.83,48.05,1803.37,2,0.019,66.13,1
80.77,760.62,53.87,347.67,2,0.438,53.35,1
113.19,562.03,57.78,1404.43,3,0.022,46.06,1
6.02,238.44,66.47,2293.43,2,0.484,98.76,0
96.62,84.29,25.34,2402.99,0,0.501,83.9,0
63.43,625.46,60.8,1534.33,1,0.322,49.15,1
98.25,515.32,13.56,2694.77,3,0.132,75.46,0
35.93,38.55,50.83,876.24,3,0.376,34.26,0
267.16,288.04,53.23,1290.74,0,0.672,19.02,1
178.08,765.44,49.05,2705.93,1,0.782,41.72,1
203.73,400.32,21.4,2699.14,0,0.531,46.27,0
236.75,346.18,61.75,2088.57,1,0.59,11.49,1
149.53,366.16,15.98,2591.04,0,0.201,83.33,0
26.08,167.11,8.49,357.44,2,0.287,42.33,0
161.13,294.97,51.64,2608.49,0,0.162,62.24,1
176.05,295.85,35.91,1029.8,3,0.249,16.66,0
223.63,41.88,60.19,617.16,3,0.225,25.75,0
129.5,614.05,29.92,794.17,3,0.519,90.07,0
38.27,333.2,15.94,1312.11,0,0.563,64.78,0
85.13,657.74,59.37,828.46,3,0.945,95.53,1
108.92,680.28,40.68,1029.65,3,0.196,99.89,1
193.78,169.6,17.3,491.44,2,0.642,43.47,0
171.23,525.88,51.82,958.91,2,0.817,36.89,1
106.83,377.83,38.22,1759.62,1,0.56,87.25,0
295.95,704.13,44.28,1381.38,1,0.255,99.88,1
181.73,172.59,34.96,1105.48,1,0.263,66.67,0
71.17,542.25,58.87,2264.71,0,0.039,81.56,1
30.53,486.2,58.92,2691.18,1,0.305,80.36,1
45.86,236.24,51.11,2294.69,0,0.745,41.98,0
73.79,109.28,11.85,1062.8,0,0.048,61.68,0
48.2,521.31,59.53,2258.88,1,0.219,84.98,1
55.97,590.88,48.62,540.74,1,0.706,71.93,0
85.53,252.5,50.31,477.92,0,0.783,11.9,0
52.01,515.87,28.59,1102.32,2,0.455,40.3,0
269.03,316.1,62.15,2442.34,3,0.698,23.0,1
24.07,570.57,52.15,814.41,3,0.388,30.97,0
157.35,159.37,12.32,283.43,3,0.16,91.49,0
123.12,712.17,31.51,481.96,2,0.398,13.32,0
294.71,229.93,62.61,2590.36,0,0.58,29.78,1
33.61,294.23,8.07,1937.97,1,0.948,37.86,0
119.36,46.47,67.49,834.28,0,0.069,65.52,1
290.84,89.21,49.15,1710.36,0,0.507,58.07,1
259.65,412.69,46.04,1629.98,1,0.329,29.64,1
245.12,214.07,22.59,2000.76,2,0.508,24.78,0
77.37,668.38,21.17,776.24,3,0.024,31.31,0
51.27,11.75,66.23,2606.77,3,0.313,55.23,0
200.59,303.28,24.39,997.17,0,0.82,34.41,0
278.81,269.88,55.41,2112.98,2,0.554,95.28,1
167.03,15.46,30.55,146.76,3,0.451,51.75,0
171.48,99.49,14.05,1180.71,2,0.286,15.29,0
83.99,330.91,5.7,1119.96,1,0.298,75.63,0
230.85,394.29,40.38,1676.1,0,0.383,39.6,1
56.11,323.43,68.43,310.94,0,0.836,68.81,1
97.1,424.75,28.99,2391.38,2,0.967,35.16,0
127.63,476.11,28.22,731.56,3,0.439,61.37,0
152.28,7.94,27.37,2063.41,2,0.393,79.49,0
72.72,371.28,38.84,2429.32,1,0.847,93.52,0
34.45,770.8,33.64,1729.44,3,0.427,33.5,0
183.19,415.23,62.19,2248.56,3,0.552,40.14,1
86.59,542.03,37.86,2019.39,2,0.231,51.78,0
174.37,249.49,38.0,1131.04,1,0.744,93.45,0
46.31,619.19,13.99,2445.69,3,0.532,91.12,0
144.34,618.34,68.88,954.63,0,0.809,18.09,1
159.78,417.04,21.25,1756.52,1,0.781,21.87,0
15.55,780.81,9.77,2261.65,3,0.215,54.6,0
100.98,100.44,48.1,1198.97,2,0.716,19.6,0
40.32,13.56,43.7,978.03,3,0.8,41.1,0
19.01,616.13,31.98,1432.1,0,0.346,23.35,0
296.99,645.72,32.44,2472.09,1,0.173,67.24,1
96.71,96.17,56.03,2796.77,3,0.003,95.45,0
242.96,212.47,17.72,1680.74,0,0.451,99.71,1
76.39,14.04,58.32,2018.25,3,0.352,43.77,0
204.45,234.65,47.17,2719.49,3,0.555,63.91,0
228.07,618.51,32.23,385.79,1,0.188,87.06,1
178.69,414.37,34.77,773.03,2,0.86,20.57,0
141.47,278.48,21.68,2155.81,2,0.258,72.06,0
123.55,297.39,53.89,2488.86,0,0.226,46.8,1
104.66,1.08,38.34,2585.38,0,0.481,28.55,0
278.86,239.84,25.86,1303.81,0,0.499,46.25,1
249.19,517.17,43.74,359.09,1,0.215,16.84,1
289.51,779.36,69.72,1369.57,2,0.272,72.59,1
37.29,677.65,33.29,769.13,0,0.17,32.75,0
219.26,18.88,64.84,944.47,0,0.718,38.03,1
281.5,718.85,27.43,2339.58,3,0.77,20.9,0
54.37,626.56,8.56,319.03,3,0.462,87.82,0
19.95,624.3,18.28,2499.99,0,0.714,54.41,0
222.34,366.4,32.22,1340.24,3,0.736,61.49,0
172.34,318.4,19.28,1828.59,3,0.138,61.25,0
252.55,242.33,5.01,359.99,3,0.966,46.94,0
41.93,52.56,64.48,1078.34,1,0.821,27.33,0
238.58,182.59,59.85,360.13,0,0.204,77.06,1
60.49,197.28,53.25,2888.48,0,0.186,21.44,0
49.1,387.26,15.91,2441.06,3,0.126,19.35,0
49.28,597.96,12.82,1432.93,1,0.138,73.91,0
244.37,379.05,9.39,748.45,3,0.748,28.8,0
199.56,46.28,52.06,2807.02,1,0.47,37.61,0
156.92,766.23,65.37,1099.33,0,0.783,52.77,1
107.65,754.18,32.98,566.85,3,0.746,50.44,0
263.16,628.15,12.74,1733.18,0,0.605,73.77,1
117.73,793.06,38.31,2836.94,1,0.686,66.11,1
244.98,435.59,27.67,111.11,2,0.018,68.0,1
131.74,770.21,29.36,790.56,1,0.312,74.26,1
113.08,60.48,45.39,2821.5,2,0.638,36.34,0
138.8,292.54,51.72,596.15,0,0.009,39.01,1
90.41,180.31,12.19,428.41,0,0.033,49.42,0
224.28,156.67,7.31,1753.54,3,0.852,37.67,0
150.82,112.64,69.63,2599.35,2,0.684,98.64,1
69.66,497.93,20.13,1483.62,1,0.265,83.26,0
269.87,625.06,8.5,2984.24,0,0.688,24.82,0
115.17,462.64,17.34,2069.6,2,0.792,10.5,0
163.07,117.57,7.53,314.82,1,0.307,13.85,0
271.94,648.9,30.47,2979.21,2,0.036,31.97,1
187.27,508.76,57.16,1282.89,1,0.933,20.29,1
35.07,310.53,27.18,933.47,1,0.345,58.0,0
281.95,539.3,33.87,1717.85,1,0.106,87.22,1
188.31,207.92,48.91,982.49,1,0.492,76.31,1
100.47,276.15,38.08,350.73,2,0.768,29.4,0
41.78,733.99,60.99,104.14,2,0.222,45.94,1
238.21,232.4,61.29,1403.79,3,0.269,55.71,1
186.02,375.99,5.64,2526.9,2,0.243,82.92,0
160.04,712.11,55.57,1759.71,2,0.992,85.52,1
268.17,566.18,34.95,2997.7,3,0.197,91.87,1
236.58,49.76,69.27,931.86,2,0.576,55.83,1
45.5,117.84,36.41,913.32,1,0.925,72.48,0
93.52,6.27,69.15,563.27,0,0.147,20.06,0
74.55,504.74,54.05,575.78,0,0.971,60.88,1
223.18,358.14,21.16,927.04,3,0.947,32.38,0
10.06,107.42,40.0,2399.24,2,0.885,48.85,0
170.97,766.35,69.49,2726.69,2,0.215,67.06,1
228.74,423.73,60.74,2927.75,3,0.634,33.13,1
263.03,193.51,11.33,773.64,0,0.761,14.7,0
102.62,400.48,50.91,2655.76,1,0.986,10.92,0
246.38,543.7,27.46,1051.94,2,0.18,11.99,0
33.19,60.99,5.45,427.24,3,0.766,10.75,0
253.94,219.76,31.23,2623.07,1,0.339,19.93,0
38.25,645.57,20.26,1944.71,3,0.176,31.55,0
119.19,367.73,58.23,577.72,3,0.421,29.91,0
239.19,437.26,26.93,1346.51,3,0.794,98.81,1
44.98,346.25,58.79,933.05,0,0.465,37.54,0
68.78,35.12,5.04,2236.7,0,0.538,21.47,0
216.68,132.6,25.01,1414.91,3,0.995,59.1,0
216.01,356.43,20.68,2968.91,2,0.399,87.22,0
192.34,167.35,20.18,258.76,1,0.615,71.03,1
208.18,39.98,9.43,1129.54,2,0.365,36.65,0
162.82,674.92,17.16,1497.51,0,0.393,60.55,1
75.54,784.95,41.11,1559.09,1,0.696,74.34,1
103.71,634.51,23.94,1016.21,3,0.938,75.53,0
54.48,683.03,32.13,2214.8,2,0.542,69.99,0
272.54,193.58,29.5,2636.77,2,0.768,88.37,1
175.02,768.5,61.93,2822.29,3,0.089,88.31,1
120.26,157.54,63.84,2434.77,2,0.211,62.1,0
138.6,761.14,37.04,2566.68,0,0.502,48.69,1
284.19,795.86,26.46,1696.58,3,0.02,67.74,1
46.01,569.38,11.94,2495.08,2,0.253,83.64,0
175.87,784.91,66.97,980.16,3,0.517,10.51,1
151.77,455.63,8.91,1255.59,1,0.015,99.28,0
183.44,207.63,24.35,1019.05,3,0.265,26.46,0
5.43,349.6,24.37,1455.42,2,0.514,52.32,0
261.64,474.85,25.83,928.18,0,0.573,88.48,1
279.64,58.47,15.68,2888.67,3,0.926,30.25,0
169.54,497.87,55.91,1007.25,3,0.645,52.91,1
209.0,784.94,12.96,384.33,2,0.415,21.93,0
276.75,152.09,46.27,1627.77,0,0.93,45.56,1
212.17,634.08,13.05,265.59,0,0.785,25.94,0
45.76,726.32,9.58,420.58,1,0.2,42.73,0
172.89,754.96,64.11,736.23,1,0.131,43.61,1
182.01,768.11,17.36,1446.62,2,0.676,99.39,1
127.24,417.17,58.38,1356.43,0,0.56,99.53,1
220.93,781.85,40.4,2419.11,0,0.79,20.33,1
280.31,605.85,10.06,2244.48,1,0.739,75.34,1
277.67,129.34,67.1,1336.32,1,0.625,14.66,1
135.25,381.52,21.05,1067.74,2,0.986,12.72,0
33.97,574.66,60.88,1017.76,0,0.534,19.48,0
295.45,197.87,15.97,2344.59,3,0.113,96.89,0
251.67,512.49,60.51,251.01,1,0.828,94.68,1
37.4,533.28,5.86,137.18,2,0.252,27.45,0
276.25,130.16,38.27,2407.08,0,0.777,24.55,0
260.97,452.07,55.01,1483.72,0,0.957,31.65,1
155.65,617.3,65.76,479.56,1,0.697,56.4,1
177.38,399.12,64.1,783.14,2,0.596,61.27,0
119.7,9.68,58.28,2804.26,3,0.46,29.94,0
16.43,7.23,62.73,2592.56,1,0.364,78.1,0
100.56,285.62,17.95,2158.38,2,0.353,37.86,0
240.86,740.96,23.47,1498.45,0,0.636,92.99,1
1.39,182.94,23.78,1608.94,3,0.751,69.11,0
100.05,507.49,29.51,2928.21,2,0.679,49.27,0
119.45,177.66,30.57,2900.73,3,0.198,81.09,0
161.22,257.34,40.4,724.28,2,0.494,83.61,0
275.96,678.43,15.39,2452.2,2,0.792,36.14,0
103.9,583.09,49.93,672.0,2,0.476,40.57,0
104.09,76.32,15.89,719.26,2,0.537,94.24,0
221.25,342.96,25.17,2060.67,3,0.771,24.83,0
135.67,23.34,37.72,1274.5,1,0.661,13.79,0
67.38,384.71,56.77,2801.48,3,0.409,50.86,1
135.73,529.95,53.07,358.13,2,0.895,82.11,1
42.26,94.8,46.96,1583.42,3,0.163,79.45,0
52.92,231.11,15.13,2763.71,3,0.996,92.76,0
149.51,318.27,40.56,2721.93,3,0.119,57.99,0
125.68,735.62,10.68,553.93,2,0.015,19.01,0
274.45,794.6,29.53,1163.25,3,0.89,62.98,1
108.72,35.93,31.88,1895.45,0,0.245,80.06,0
174.18,608.81,7.59,562.25,2,0.73,18.4,0
189.68,297.38,22.81,2907.26,3,0.811,25.54,0
3.93,313.97,67.12,2752.77,0,0.859,11.11,0
199.06,603.41,66.99,584.16,3,0.992,63.43,1
53.41,734.74,27.9,451.35,1,0.294,89.81,0
288.32,760.74,7.8,347.68,3,0.71,70.36,0
44.6,461.7,16.64,2737.39,3,0.115,98.38,0
124.39,285.7,30.49,661.51,1,0.407,15.67,0
25.6,630.04,66.61,1307.23,2,0.848,91.27,1
299.06,200.8,14.18,1401.67,1,0.368,83.27,1
150.66,451.26,54.63,1837.13,2,0.591,38.28,1
178.62,286.86,12.06,308.03,1,0.504,97.62,0
20.12,525.3,68.78,757.6,3,0.646,35.91,0
224.99,192.32,29.81,2801.32,3,0.973,90.04,0
62.97,153.27,55.39,2734.39,2,0.056,89.27,0
269.42,734.59,27.27,2365.74,2,0.574,78.19,1
61.54,81.44,45.8,156.26,0,0.863,60.71,0
57.21,404.77,17.48,1048.32,0,0.481,20.8,0
10.96,176.68,14.49,1921.08,3,0.079,57.88,1
141.62,31.14,65.97,898.05,3,0.561,42.11,0
169.45,28.82,64.65,2737.8,0,0.332,81.3,1
19.71,140.18,62.69,1938.28,0,0.155,78.23,1
232.66,693.42,45.65,308.53,2,0.849,91.96,1
135.99,225.98,57.54,2736.12,1,0.522,11.33,1
157.32,760.37,9.49,2877.52,2,0.933,82.82,0
132.23,465.3,26.76,325.37,0,0.806,94.46,0
120.23,349.29,25.39,1643.84,3,0.693,81.04,0
167.89,464.07,46.32,979.76,0,0.005,21.72,1
46.57,413.36,28.14,1239.23,3,0.428,17.32,0
54.58,607.02,14.65,620.99,3,0.197,11.88,0
258.54,226.0,43.77,1776.41,3,0.911,66.59,0
283.83,282.44,57.93,2878.14,3,0.175,66.67,1
111.99,715.28,29.84,1558.91,1,0.286,98.82,1
81.22,757.17,13.6,340.45,0,0.517,45.82,0
193.2,714.05,17.78,1898.0,2,0.263,39.87,1
122.62,335.56,20.44,1086.65,3,0.21,66.2,0
7.62,624.29,24.49,2582.18,3,0.599,84.3,0
46.85,381.07,46.78,1360.57,2,0.089,94.31,0
214.79,398.03,44.06,659.23,2,0.058,82.28,1
197.68,163.74,50.25,654.21,3,0.372,48.4,0
8.13,472.9,28.56,2329.42,2,0.721,67.14,0
66.59,148.91,58.56,870.2,2,0.555,87.07,0
69.32,265.25,18.27,2324.98,1,0.423,54.15,0
201.57,684.02,35.49,697.07,2,0.566,29.5,1
5.91,165.66,57.06,1032.89,0,0.365,25.28,0
31.23,56.93,16.71,1449.91,0,0.936,10.01,0
239.97,55.21,12.14,2835.27,0,0.055,74.64,0
53.56,752.63,62.44,2802.02,3,0.673,20.0,1
195.82,405.54,27.29,699.93,0,0.891,31.95,0
71.45,327.53,49.45,1138.84,1,0.804,36.81,0
29.83,648.7,6.65,533.26,0,0.184,60.43,0
72.95,668.66,49.85,1578.96,3,0.296,45.82,0
216.68,265.75,25.55,1435.69,1,0.717,70.72,0
256.71,554.89,8.62,2712.2,0,0.084,15.01,0
249.07,616.9,44.64,2797.02,1,0.812,21.15,1
119.16,523.72,20.65,1212.35,1,0.719,54.93,0
200.43,121.28,30.14,1526.04,3,0.73,40.33,0
61.5,700.71,10.24,2699.09,3,0.1,36.62,0
87.94,431.28,14.57,2439.45,1,0.718,16.03,0
268.9,225.98,24.37,110.6,0,0.68,90.61,1
3.9,340.18,10.83,1028.17,3,0.831,72.26,0
25.65,30.06,64.2,1323.15,1,0.042,20.95,1
62.37,102.29,5.39,766.18,2,0.023,15.85,0
7.96,612.44,36.45,678.76,2,0.373,97.74,0
54.43,0.01,13.01,209.58,3,0.149,71.31,0
174.91,333.25,25.0,1965.77,0,0.558,47.57,0
126.43,418.01,65.19,861.28,2,0.917,73.16,1
267.8,43.71,15.51,251.81,2,0.391,78.07,0
245.23,778.46,67.78,769.84,2,0.845,80.2,1
102.55,180.9,18.38,2425.55,0,0.0,53.01,0
77.83,243.36,53.2,2569.32,0,0.169,48.69,0
113.91,243.15,40.53,1500.89,3,0.03,10.99,0
177.09,184.33,62.49,1306.6,3,0.328,93.39,1
80.42,1.18,41.01,2935.78,2,0.908,64.3,0
187.24,583.48,39.75,681.64,0,0.097,28.28,1
122.82,773.48,17.7,724.54,1,0.606,92.76,0
165.61,179.43,15.8,946.41,2,0.451,92.34,0
130.84,530.44,64.57,601.0,3,0.938,99.03,1
88.34,593.52,26.31,1200.16,0,0.123,88.67,1
284.54,678.74,29.19,2741.42,3,0.212,99.8,1
229.08,338.1,54.39,1884.51,3,0.03,32.02,1
42.03,242.34,27.02,1294.64,0,0.434,85.8,0
260.54,260.24,66.88,2809.79,2,0.278,84.07,1
146.23,570.1,52.97,240.55,0,0.87,30.78,1
268.37,653.42,43.83,709.8,2,0.605,18.86,1
239.96,145.29,62.26,1741.08,3,0.614,98.15,1
127.56,296.75,8.22,1885.1,0,0.532,36.64,0
6.74,721.55,21.71,214.72,1,0.092,88.38,1
80.6,645.35,35.23,1268.81,2,0.445,10.37,0
162.49,787.89,19.75,1982.55,1,1.0,11.89,0
190.04,603.4,53.35,2124.4,2,0.835,51.93,1
77.37,314.56,64.75,1950.61,0,0.893,31.48,0
41.81,472.51,32.55,1029.63,1,0.823,72.09,0
250.48,528.81,27.24,371.21,0,0.103,60.9,1
295.32,62.76,67.5,1338.63,2,0.227,16.97,1
157.71,435.6,33.92,473.39,2,0.003,24.64,0
51.5,567.46,36.79,2848.11,2,0.304,44.92,0
81.69,133.86,27.86,1478.0,2,0.109,26.7,0
5.52,624.51,64.12,1020.05,3,0.473,81.3,0
274.29,467.02,41.98,2322.28,2,0.677,47.45,1
35.33,761.78,54.54,1544.05,1,0.875,18.41,0
172.95,33.94,57.77,999.1,2,0.749,53.59,0
82.22,212.26,27.22,2454.71,0,0.939,18.18,0
166.25,481.24,33.19,2614.74,3,0.054,21.6,0
195.43,237.25,60.15,2051.72,1,0.012,31.56,1
248.92,571.54,28.61,236.2,3,0.661,87.36,1
61.93,607.2,56.61,1742.34,3,0.289,93.22,1
3.3,82.01,66.16,2313.56,3,0.254,84.36,0
41.07,411.08,45.51,495.86,0,0.331,40.07,0
270.01,407.11,53.21,763.15,3,0.27,34.52,1
262.17,295.42,57.33,2659.24,3,0.511,59.42,1
179.22,746.34,59.93,158.35,2,0.44,74.97,1
180.16,662.01,30.68,2282.91,0,0.512,99.4,1
199.51,557.77,8.33,1473.94,1,0.673,21.84,0
52.61,571.46,31.12,1395.64,1,0.387,14.44,0
274.32,369.37,48.79,120.58,1,0.251,72.49,1
125.63,736.8,34.27,2476.25,0,0.166,84.9,1
114.94,555.68,53.68,1143.49,1,0.349,86.17,1
155.68,583.18,28.2,1668.22,0,0.742,71.06,1
14.09,689.35,46.26,2064.17,2,0.757,95.86,0
49.89,219.26,17.12,2137.63,2,0.667,55.99,0
221.41,645.66,53.71,2872.34,0,0.234,92.24,1
24.84,156.19,40.47,1640.89,1,0.588,97.1,1
180.95,276.27,18.26,1259.19,0,0.571,86.24,0
73.6,268.49,23.97,2865.74,0,0.484,37.88,0
116.79,782.82,53.66,1962.12,3,0.55,27.66,0
86.61,685.23,36.37,964.64,0,0.492,59.33,1
106.7,560.94,19.04,466.75,3,0.565,50.77,0
215.71,581.65,67.87,2543.41,2,0.716,89.0,1
89.14,449.66,51.48,1150.33,3,0.11,19.0,0
169.92,757.67,67.21,2015.36,0,0.75,33.2,1
142.82,397.01,32.76,1465.37,2,0.136,77.66,0
199.1,304.41,35.88,676.9,3,0.067,18.55,0
281.05,130.43,63.37,1844.89,0,0.976,38.87,1
219.77,628.96,39.13,275.98,2,0.957,44.84,1
64.48,587.56,50.97,1298.69,3,0.06,66.03,0
9.35,307.48,21.39,1685.18,0,0.443,24.23,0
78.68,20.15,34.04,1364.54,0,0.186,87.45,1
178.52,671.2,13.02,2271.15,1,0.485,50.28,0
15.43,9.13,18.39,2500.98,1,0.83,92.53,0
148.91,562.96,5.06,2336.6,3,0.951,52.11,0
179.05,776.21,7.55,212.56,3,0.634,34.75,0
100.27,350.13,68.52,662.97,3,0.354,22.76,0
231.27,187.98,20.75,1656.16,0,0.603,10.34,0
31.98,563.9,48.12,2810.98,3,0.312,57.89,0
22.54,653.7,59.54,2521.37,0,0.91,19.64,0
218.46,437.14,40.79,2543.35,3,0.87,45.26,0
148.65,773.63,14.95,979.3,0,0.558,63.03,0
206.52,41.33,52.33,1345.4,0,0.325,34.81,1
130.45,403.84,44.02,1465.05,1,0.293,25.77,0
73.92,574.76,52.53,556.38,2,0.033,79.72,1
245.73,690.11,55.03,190.1,0,0.816,95.21,1
239.82,143.4,68.4,2846.02,3,0.45,19.04,1
208.41,640.0,42.28,798.07,1,0.325,24.0,1
81.64,442.17,27.21,795.85,3,0.471,96.4,0
177.07,317.24,47.15,341.8,3,0.819,13.4,0
108.29,105.37,9.45,2792.67,0,0.125,97.99,0
27.47,692.24,63.33,1781.24,0,0.858,10.42,0
275.19,125.82,12.76,2034.41,2,0.898,88.63,0
41.05,247.83,26.31,2743.57,0,0.947,37.66,0
285.07,232.04,58.02,1102.3,0,0.397,94.47,1
133.8,697.13,43.83,1902.37,2,0.217,38.53,1
55.54,538.16,30.59,212.52,3,0.374,68.89,0
162.57,637.35,35.77,641.64,2,0.333,17.2,0
261.88,200.37,60.55,2510.61,2,0.176,31.81,1
219.67,499.9,27.1,2323.63,2,0.607,79.63,1
241.97,457.4,61.53,1116.86,1,0.477,57.58,1
197.64,666.26,10.73,1192.75,3,0.866,93.52,0
207.68,724.87,55.49,1647.31,1,0.032,48.59,1
254.76,9.73,60.09,100.7,1,0.644,88.28,1
74.9,539.22,16.82,799.61,0,0.763,50.41,0
146.83,41.47,32.97,703.87,2,0.759,98.13,0
66.36,439.09,15.76,826.4,2,0.886,96.39,0
296.3,230.11,50.93,2437.13,1,0.729,39.62,1
283.22,245.42,39.8,911.05,0,0.928,89.73,1
11.83,282.37,46.3,655.41,0,0.333,86.29,0
211.67,497.03,17.77,1562.36,0,0.503,28.96,0
277.57,267.24,18.76,2610.37,3,0.014,66.19,0
54.17,586.16,7.7,799.91,1,0.007,16.54,0
170.38,323.62,25.93,327.76,3,0.24,85.3,0
274.65,54.68,41.38,1133.57,0,0.101,25.71,1
10.18,627.01,60.77,2268.19,0,0.26,16.37,1
209.23,228.61,48.35,1697.0,0,0.177,46.02,1
89.2,346.21,33.3,2468.7,2,0.029,61.92,0
277.32,548.36,66.95,2882.82,1,0.909,86.94,1
291.32,265.96,51.75,2398.72,2,0.008,97.68,1
283.28,45.27,65.46,1851.03,3,0.736,49.55,1
142.26,299.14,39.29,1530.69,2,0.152,15.44,0
258.61,755.56,21.83,216.2,1,0.912,77.42,1
253.36,513.39,8.43,2954.53,2,0.893,60.87,1
95.73,537.18,52.2,1212.1,0,0.654,50.31,1
248.67,505.83,12.88,541.46,3,0.672,37.83,0
11.1,159.19,24.68,2033.46,3,0.005,55.22,0
178.88,334.67,39.61,924.44,0,0.985,40.48,0
69.0,600.75,41.69,1798.76,0,0.878,78.13,0
36.17,81.1,44.04,1801.63,0,0.895,58.95,0
23.09,222.28,15.81,1392.62,1,0.659,88.92,0
208.89,221.06,29.68,2524.74,2,0.345,58.92,0
101.96,345.62,45.12,868.4,3,0.894,31.44,0
217.43,784.29,68.04,1401.03,2,0.292,86.6,1
19.61,54.0,52.3,1659.31,0,0.563,60.15,0
94.59,414.96,64.97,2024.51,0,0.1,28.62,1
161.85,143.49,54.54,2373.52,2,0.922,66.12,0
237.22,776.54,43.46,1244.94,3,0.141,42.19,1
95.63,90.64,17.48,1973.54,1,0.225,86.0,0
187.77,322.88,48.33,536.77,2,0.558,50.8,1
265.79,590.31,45.52,2804.68,0,0.764,75.38,1
184.76,563.64,44.16,1210.87,0,0.619,18.6,1
69.89,338.18,36.84,2215.61,1,0.232,45.64,1
7.32,277.22,39.36,158.99,2,0.001,98.49,0
261.03,318.09,26.74,695.04,1,0.757,82.76,1
6.38,211.42,38.76,1512.54,1,0.985,24.39,0
262.41,164.27,17.84,2646.93,3,0.81,35.0,0
158.68,386.43,57.34,1629.04,3,0.46,39.68,0
281.72,214.83,17.08,2796.62,0,0.904,68.53,0
239.63,229.97,10.52,1503.01,2,0.41,78.13,0
299.38,525.4,33.36,1522.3,3,0.525,77.46,1
105.21,774.83,47.79,447.27,0,0.477,55.89,1
230.16,482.91,33.45,2427.7,2,0.448,82.97,1
120.58,61.58,22.99,816.2,0,0.775,49.34,0
143.96,60.47,41.28,2708.88,3,0.527,21.15,0
188.25,761.14,27.56,2741.39,0,0.317,60.8,1
262.1,237.83,65.64,2835.6,2,0.258,95.71,1
295.23,73.65,64.97,1608.67,2,0.038,81.37,1
230.48,479.24,37.65,2063.57,0,0.583,62.08,1
125.33,498.92,26.31,2357.7,2,0.23,68.21,0
126.41,518.8,52.91,479.94,0,0.148,93.75,1
221.27,213.92,7.39,1842.78,2,0.654,48.55,0
71.63,12.09,35.86,199.46,0,0.681,39.83,0
33.14,772.01,26.86,1542.94,0,0.752,97.95,0
106.39,200.71,64.83,549.04,0,0.504,87.71,1
86.17,540.82,5.78,630.48,1,0.894,39.07,0
88.89,565.3,40.93,1158.64,2,0.936,51.74,0
70.08,488.01,53.14,1354.07,3,0.807,47.36,0
12.63,250.33,36.53,1907.2,0,0.636,23.42,0
5.36,216.88,10.55,315.84,1,0.304,96.2,0
296.32,478.13,68.21,1560.71,3,0.983,46.39,1
128.33,692.88,38.67,629.61,0,0.274,88.78,1
115.3,757.39,44.92,1764.53,3,0.203,27.04,0
203.89,84.72,20.38,1948.47,1,0.442,59.31,0
65.48,123.86,36.43,1714.46,3,0.057,12.16,0
284.99,755.79,32.89,2241.06,0,0.978,78.78,1
235.9,589.23,9.87,1073.27,3,0.588,62.28,0
26.82,706.4,11.9,2318.81,3,0.557,66.3,0
125.27,162.11,59.44,1355.02,0,0.656,14.65,0
263.74,470.07,20.59,1504.14,1,0.497,28.99,0
283.42,560.91,17.67,1979.5,1,0.032,16.69,1
140.22,544.09,37.82,153.24,3,0.612,36.0,0
184.02,326.52,54.97,1996.58,2,0.716,66.47,1
50.11,12.32,9.03,1893.9,3,0.417,60.96,0
297.35,466.34,42.49,998.56,2,0.757,65.09,1
69.5,202.48,12.75,348.8,3,0.227,59.43,0
282.82,360.2,7.37,363.71,1,0.221,34.57,0
194.89,766.06,8.43,2777.35,3,0.161,32.01,1
182.32,319.23,59.22,2098.91,3,0.372,22.34,0
153.81,671.84,12.67,468.6,2,0.847,86.42,1
69.2,150.83,7.93,1134.5,1,0.828,65.48,0
52.96,537.97,33.46,1818.2,2,0.383,26.79,0
66.15,781.61,59.86,2523.16,3,0.589,25.95,1
55.93,81.51,22.06,226.62,0,0.721,88.57,0
233.88,6.66,32.41,786.24,3,0.241,76.85,0
105.04,346.87,7.59,2680.27,3,0.168,69.35,0
17.35,74.1,34.19,126.58,2,0.972,46.62,0
290.73,598.71,42.54,684.06,0,0.618,33.58,1
265.14,731.64,42.11,2881.17,0,0.981,98.15,1
278.33,347.22,26.61,1878.87,2,0.338,81.75,1
298.47,206.97,25.51,858.85,1,0.703,37.16,0
52.17,347.52,11.93,294.27,0,0.223,86.28,0
118.87,578.76,28.84,181.75,0,0.261,78.3,1
227.47,7.24,11.47,809.76,2,0.512,36.74,0
208.81,471.56,54.83,2656.31,1,0.32,48.39,1
46.17,490.63,67.81,1306.15,1,0.168,26.74,1
244.75,510.15,68.05,2188.97,3,0.263,19.99,1
67.33,193.62,61.23,2763.03,3,0.036,75.05,0
67.15,571.24,44.05,1283.32,2,0.704,34.08,0
161.09,73.11,50.56,654.7,1,0.492,83.81,1
177.88,159.42,23.54,1599.64,2,0.094,99.6,0
174.03,701.98,46.0,2733.44,3,0.172,16.9,1
27.45,590.98,34.62,2432.69,2,0.103,52.57,0
263.24,11.0,36.33,290.91,2,0.613,82.19,0
79.68,198.7,54.26,2108.46,0,0.094,81.01,1
38.85,171.53,23.32,1758.5,0,0.754,78.4,0
266.62,216.65,25.67,2731.64,0,0.021,41.41,1
286.7,198.05,65.1,455.2,3,0.249,50.85,1
258.64,50.02,8.65,1648.7,2,0.891,63.55,1
242.85,367.15,36.57,2650.44,0,0.719,97.65,1
196.57,586.19,64.33,1289.07,0,0.073,39.48,1
165.26,485.39,44.67,1497.79,0,0.821,93.08,1
26.1,538.3,40.52,304.34,3,0.493,34.24,0
122.54,64.92,21.23,906.62,3,0.847,99.02,0
111.81,761.19,27.31,1041.07,2,0.601,70.32,0
77.93,670.79,60.38,2840.86,2,0.682,51.72,1
217.03,644.07,41.35,919.74,2,0.994,65.21,1
148.76,658.39,38.46,1436.52,0,0.232,34.53,1
24.31,746.17,11.47,2046.78,1,0.624,34.68,0
66.05,435.4,6.04,570.33,3,0.46,20.22,0
204.98,160.23,67.64,1510.68,0,0.039,20.26,1
22.84,493.43,29.5,2241.76,0,0.014,41.29,0
255.36,594.31,44.21,2613.88,2,0.119,78.66,1
148.54,590.33,10.18,1916.15,2,0.649,64.72,0
144.18,417.16,49.4,2040.26,0,0.567,19.23,1
177.72,54.77,65.62,466.22,3,0.553,86.7,1
247.4,296.89,42.42,2842.75,3,0.032,64.12,1
104.34,736.61,13.2,484.46,0,0.469,96.48,0
203.4,467.56,42.81,2346.55,1,0.925,70.32,0
169.72,430.67,54.81,867.97,1,0.398,25.77,1
80.11,215.08,31.42,2807.42,3,0.625,52.64,0
263.59,294.76,62.19,2187.88,2,0.78,68.36,1
239.23,716.28,47.16,2286.06,1,0.784,12.54,1
197.54,533.17,63.45,735.27,1,0.519,11.34,1
255.17,629.91,45.53,1384.82,2,0.858,21.65,1
260.19,363.48,13.53,1891.66,1,0.391,32.65,0
212.51,504.2,25.13,2332.92,0,0.889,48.66,0
251.1,198.71,18.12,401.48,1,0.24,53.87,0
209.24,564.37,64.07,2890.86,2,0.28,22.42,1
204.04,342.08,54.43,2681.64,0,0.053,70.61,0
185.58,354.04,48.97,884.01,1,0.796,63.65,1
225.81,519.46,24.56,2486.0,3,0.417,36.5,0
47.58,749.02,16.96,1603.14,0,0.229,11.23,0
264.26,51.21,54.17,1439.24,0,0.232,16.99,1
261.55,659.79,35.82,1011.86,3,0.901,45.25,0
8.77,233.91,19.68,1784.81,3,0.834,23.86,0
247.75,355.14,45.08,2216.68,1,0.554,43.91,1
38.66,17.53,7.62,1291.71,1,0.616,66.54,0
100.54,240.84,26.2,1924.74,2,0.474,59.25,0
223.05,402.1,35.46,2128.01,2,0.392,30.81,0
48.23,44.94,14.62,2162.25,0,0.915,40.94,0
245.39,392.88,69.0,250.7,3,0.126,65.26,1
249.64,741.69,18.59,2593.27,3,0.418,87.48,1
152.24,84.31,13.47,1428.93,2,0.345,77.79,1
1.92,611.55,18.23,861.01,0,0.498,59.81,0
86.11,327.74,54.99,801.12,0,0.458,42.61,0
185.08,524.14,32.66,1500.74,2,0.519,42.85,0
294.36,208.19,41.75,2671.81,2,0.14,89.15,1
189.54,127.59,6.37,1197.21,2,0.513,13.53,0
77.94,128.37,7.24,2274.2,1,0.242,98.92,0
190.2,56.39,33.98,380.77,0,0.184,69.79,0
162.0,148.52,58.08,1480.56,0,0.065,71.3,1
233.95,531.38,62.54,2975.89,0,0.763,13.42,1
32.09,705.35,10.64,2334.27,2,0.427,64.5,0
228.31,651.3,39.99,710.53,2,0.627,53.63,1
162.38,548.11,64.36,1554.18,2,0.728,19.52,1
288.9,88.35,30.22,777.51,2,0.679,35.01,0
102.56,231.35,58.92,1287.73,3,0.471,90.13,0
189.79,247.85,13.69,2362.24,2,0.388,59.5,0
279.61,199.97,65.8,2336.55,1,0.376,47.21,1
30.75,412.0,53.84,761.49,3,0.64,16.54,0
281.17,428.44,66.19,2774.45,3,0.495,74.27,1
206.37,285.51,48.98,1818.45,2,0.849,73.26,1
20.35,283.03,28.62,1201.78,0,0.875,65.26,0
90.29,662.84,65.98,1555.61,2,0.171,55.92,1
212.45,631.43,22.91,1854.71,0,0.136,49.04,1
20.21,246.24,26.59,1723.68,2,0.63,63.39,0
174.65,731.03,50.55,1510.57,2,0.301,31.01,1
103.76,762.25,54.75,1564.31,0,0.019,94.71,1
186.27,261.39,65.41,611.59,0,0.889,62.99,1
13.72,283.54,18.31,2456.93,0,0.227,38.01,0
261.46,404.51,56.87,1671.1,0,0.929,50.47,1
292.05,752.9,53.01,480.13,1,0.717,82.51,1
290.66,701.06,9.15,2321.86,0,0.763,24.55,1
224.9,82.05,30.17,2804.09,2,0.201,36.36,0
39.03,314.18,23.38,2847.19,2,0.234,71.16,0
227.48,442.7,24.79,1170.15,1,0.521,38.39,0
7.38,402.51,68.89,493.0,0,0.172,81.33,1
6.64,155.09,46.78,1603.36,2,0.305,21.74,0
97.08,687.05,51.65,426.57,1,0.321,78.64,1
146.59,541.55,68.48,2808.56,2,0.16,16.15,1
231.12,670.33,29.52,632.38,1,0.205,11.13,1
204.99,687.01,57.12,833.02,1,0.789,90.84,1
133.77,598.68,33.24,1279.25,3,0.167,62.32,0
82.09,351.37,61.52,1211.18,3,0.028,41.66,0
299.14,488.44,16.74,2404.52,0,0.629,30.93,1
127.85,128.29,66.6,1423.32,3,0.976,65.52,0
135.42,538.92,19.22,595.23,1,0.331,55.81,0
49.09,143.4,26.2,874.91,2,0.119,99.24,0
238.44,555.16,54.15,1576.43,2,0.57,98.49,1
208.1,183.68,30.59,527.62,0,0.906,67.15,0
66.23,94.04,44.53,1873.8,3,0.784,49.86,0
24.71,132.23,33.9,1740.67,0,0.623,54.2,0
204.15,1.59,53.25,2172.64,1,0.315,71.42,1
196.35,574.99,19.84,2819.34,3,0.542,19.14,0
81.98,585.92,8.8,2745.54,0,0.091,39.55,0
285.26,411.95,24.5,2843.62,2,0.679,16.77,0
45.32,129.09,35.83,809.68,2,0.725,16.6,0
129.7,66.84,15.92,481.54,0,0.965,27.63,0
283.08,15.3,28.06,976.6,0,0.26,53.67,1
125.92,132.6,31.0,2695.75,0,0.018,80.63,0
191.56,712.68,8.73,2918.96,1,0.546,53.69,0
119.28,193.23,42.91,2592.04,1,0.707,40.19,0
82.26,283.42,62.48,419.05,2,0.79,17.41,0
295.19,84.28,14.86,2847.54,1,0.194,59.53,0
122.8,177.89,43.86,1327.74,1,0.262,34.41,0
268.23,415.38,48.21,127.0,3,0.513,65.34,1
68.99,486.2,32.26,1382.94,1,0.331,97.95,0
63.93,196.28,50.57,233.6,3,0.861,20.02,0
9.34,46.19,31.7,1677.25,1,0.474,29.09,0
195.5,312.83,37.8,1081.81,2,0.8,52.58,0
110.56,187.36,5.48,1472.96,0,0.581,97.18,0
259.31,175.64,49.96,1878.19,2,0.773,79.46,1
141.96,767.89,47.99,2619.52,1,0.333,90.84,1
290.46,493.04,7.5,2019.51,0,0.831,40.03,0
55.66,445.5,28.94,1358.74,0,0.275,99.28,0
260.59,332.62,68.64,2476.34,0,0.546,19.25,1
232.98,343.16,32.35,2726.19,3,0.214,14.77,0
231.28,432.72,37.63,447.3,2,0.476,87.0,1
253.43,557.14,64.15,1642.61,3,0.318,93.45,1
228.31,561.72,51.62,925.08,0,0.267,18.15,1
187.87,137.36,42.83,236.48,2,0.967,20.21,0
39.37,400.09,56.86,2038.79,2,0.16,12.99,0
9.76,329.57,61.18,2602.04,1,0.787,19.41,0
276.25,696.42,34.7,572.42,3,0.984,28.85,0
185.0,505.14,35.88,2456.0,3,0.02,97.31,1
238.96,426.0,30.09,2574.85,1,0.699,70.11,1
144.46,92.32,67.84,2751.59,3,0.253,80.07,1
35.19,484.51,50.32,869.33,0,0.04,79.85,1
37.56,93.76,10.41,2721.46,0,0.403,58.16,0
205.67,269.77,61.09,1029.92,3,0.935,81.77,1
129.09,114.27,36.24,1701.78,1,0.012,63.62,0
60.16,553.66,9.47,246.47,2,0.588,38.31,0
147.48,165.0,40.73,227.26,3,0.501,60.5,0
19.26,313.49,32.12,2189.08,2,0.873,58.02,0
174.59,716.54,62.05,1388.99,1,0.084,84.11,1
80.7,163.45,18.26,843.25,2,0.682,98.36,1
239.27,406.24,58.72,652.2,1,0.68,46.99,1
93.11,335.42,41.25,2042.87,1,0.669,78.71,0
136.57,14.5,8.55,101.16,0,0.942,18.98,0
3.49,634.21,68.17,2437.08,0,0.823,79.91,1
21.73,55.24,38.32,329.82,1,0.042,43.43,0
117.75,379.4,23.91,655.32,3,0.471,13.55,0
143.98,448.54,35.51,1220.09,0,0.398,42.69,0
180.01,502.74,60.76,1506.09,1,0.31,64.96,1
87.5,550.91,24.82,1129.49,2,0.451,20.73,0
208.49,202.62,17.52,1030.07,2,0.384,93.16,0
258.04,7.98,13.39,2895.36,3,0.432,16.99,0
233.96,578.75,24.36,1960.58,2,0.979,93.7,1
11.89,428.53,55.7,167.96,2,0.089,73.64,0
144.15,668.89,35.66,1347.51,1,0.922,39.67,0
31.48,657.11,19.79,2637.53,2,0.48,45.17,0
72.61,674.66,15.8,974.22,2,0.624,76.67,0
296.0,388.08,26.63,374.21,2,0.83,64.13,1
42.75,266.9,66.1,2299.32,2,0.36,70.45,0
149.67,633.25,27.3,1857.44,1,0.43,45.02,0
185.45,361.04,69.23,1753.91,2,0.41,53.9,1
210.74,146.75,36.54,255.37,3,0.375,99.09,0
167.89,683.98,16.65,507.45,0,0.926,29.25,0
2.93,706.05,62.92,1905.39,3,0.829,47.61,0
97.94,373.05,34.92,702.69,0,0.109,36.26,0
155.31,60.56,51.13,1561.8,3,0.108,78.86,1
26.36,310.26,68.94,1680.16,0,0.428,78.76,1
105.19,642.83,8.26,922.17,0,0.099,36.32,0
9.96,721.42,11.29,2850.43,0,0.619,17.33,0
23.57,162.78,51.83,2543.15,0,0.144,11.03,0
119.08,53.58,23.32,2194.88,1,0.522,48.47,0
39.81,701.88,16.98,326.18,3,0.007,46.93,0
170.26,311.52,7.56,407.78,0,0.317,98.96,0
206.84,433.41,6.42,1529.07,3,0.677,52.28,0
240.18,774.45,55.34,566.07,2,0.484,33.08,1
60.05,53.25,13.74,2936.97,0,0.978,90.21,1
50.24,518.65,35.4,559.71,3,0.874,54.2,0
31.37,59.28,44.38,1513.66,1,0.359,63.93,0
190.93,300.38,32.84,1155.95,3,0.045,18.61,0
211.94,643.05,6.76,1954.22,0,0.846,44.46,0
9.48,346.78,55.93,474.21,2,0.911,94.98,0
280.86,797.75,5.68,1347.92,3,0.821,63.06,0
15.59,447.25,54.52,896.64,2,0.128,41.01,0
162.39,256.93,63.06,2674.48,1,0.998,66.31,1
212.72,176.09,33.13,217.7,3,0.259,91.94,1
261.29,280.42,39.81,2749.81,3,0.724,34.66,0
214.23,298.03,36.0,2515.68,1,0.908,55.46,0
240.52,54.97,30.3,962.96,1,0.236,96.28,1
101.84,295.66,62.68,2388.94,1,0.908,25.52,0
244.45,371.39,63.11,190.52,0,0.309,74.77,1
24.03,578.19,26.83,2903.91,0,0.976,65.3,0
268.44,525.38,44.98,1627.13,3,0.281,71.17,1
164.28,567.01,65.25,979.51,3,0.953,41.61,1
245.19,6.69,67.53,1151.49,3,0.054,38.25,1
135.7,174.13,38.08,292.58,2,0.709,71.58,0
193.07,529.35,34.43,2969.11,1,0.532,29.4,0
157.92,387.19,23.12,213.95,3,0.478,47.77,0
219.48,4.25,67.33,1999.23,1,0.223,26.94,1
24.49,643.6,14.28,1383.93,0,0.706,10.75,0
18.11,618.25,42.69,2851.86,1,0.191,97.31,1
74.13,438.74,23.37,813.4,2,0.553,48.85,0
47.86,53.17,23.14,1643.05,2,0.253,97.24,0
261.54,613.21,31.32,1498.83,1,0.956,22.63,1
65.76,466.97,69.92,2138.31,2,0.029,62.86,1
292.76,625.57,8.57,297.23,2,0.2,28.09,0
101.07,601.4,42.61,661.99,0,0.242,81.11,1
54.64,642.4,10.37,722.24,3,0.414,80.53,0
236.91,414.41,15.04,2240.64,2,0.233,20.13,0
197.61,112.26,33.57,648.5,3,0.491,92.09,0
149.46,536.93,38.18,1763.13,1,0.872,27.52,0
166.61,496.38,21.82,724.21,1,0.712,65.17,0
215.76,593.8,25.57,2598.71,2,0.58,98.71,1
68.54,135.9,10.65,2832.34,1,0.089,89.42,0
298.9,155.98,24.71,1603.63,0,0.694,96.09,1
292.44,712.33,67.83,1121.7,2,0.166,40.83,1
195.1,599.98,66.41,778.77,2,0.786,19.5,1
59.86,726.58,26.77,244.36,2,0.25,26.95,0
204.07,606.97,42.11,878.65,1,0.417,55.04,1
21.66,477.72,64.12,1997.28,1,0.35,81.39,1
9.2,523.31,5.4,1647.49,2,0.859,23.51,0
77.3,711.3,57.69,2837.72,3,0.127,69.38,1
138.79,463.05,66.64,1249.2,1,0.566,39.12,1
260.48,505.91,10.94,2112.2,1,0.142,40.71,0
218.15,125.18,15.49,1519.04,2,0.705,69.57,0
222.81,379.14,67.45,1586.47,3,0.905,52.03,1
127.65,573.12,39.94,876.55,2,0.435,83.08,1
103.78,216.75,5.92,1419.36,1,0.488,24.03,0
111.31,161.8,21.75,1465.28,2,0.927,81.1,0
296.29,251.06,34.25,2149.26,2,0.521,15.78,0
12.03,193.2,50.04,2827.86,2,0.488,27.46,0
260.11,171.93,52.66,1055.03,3,0.578,69.05,1
173.6,339.88,69.7,222.38,2,0.689,86.94,1
131.58,726.27,23.69,1539.26,1,0.107,32.74,0
217.58,405.65,39.98,1678.94,2,0.821,39.45,0
146.0,150.34,39.67,588.48,3,0.436,58.34,0
262.03,61.58,31.37,2305.35,0,0.072,29.04,0
270.21,556.92,16.0,2956.29,3,0.786,83.0,0
126.52,306.24,68.53,2842.75,2,0.377,79.63,1
83.05,657.46,60.47,671.61,0,0.1,23.08,1
177.71,527.61,37.39,2638.55,2,0.634,51.74,0
273.71,636.99,44.21,2143.03,3,0.88,79.73,1
63.2,217.56,19.77,1416.16,0,0.888,40.36,0
186.89,553.89,40.35,1667.77,0,0.958,66.98,1
189.47,211.25,50.17,2563.84,2,0.868,14.52,0
219.93,751.25,38.49,1492.39,2,0.002,64.78,0
39.47,509.1,69.37,1182.3,3,0.38,23.74,0
214.75,259.61,44.74,1530.42,2,0.819,84.75,1
272.71,215.61,29.11,1779.48,0,0.366,41.99,1
53.9,152.74,55.19,648.33,1,0.602,35.34,0
71.26,555.71,16.08,2712.63,1,0.606,85.68,0
291.42,174.97,29.99,2055.14,3,0.365,14.51,0
54.29,476.24,27.55,1936.48,2,0.904,45.69,0
256.32,211.71,33.07,388.54,3,0.503,43.3,0
147.68,529.58,55.82,1852.1,1,0.465,35.63,1
74.17,651.95,36.47,450.79,1,0.998,92.06,0
261.22,622.42,56.61,328.22,2,0.494,77.58,1
133.59,608.68,42.47,1629.2,0,0.178,15.75,1
154.45,150.18,27.23,1268.08,2,0.513,74.32,0
107.77,70.71,57.65,1807.55,1,0.814,57.46,0
177.89,559.16,20.49,358.74,0,0.777,91.08,1
49.06,294.68,19.58,1349.85,3,0.789,38.17,0
117.32,345.88,37.79,606.88,1,0.708,61.67,0
290.82,24.92,21.96,2962.59,3,0.254,55.07,0
77.44,207.66,5.59,1727.34,0,0.862,54.06,0
197.02,26.94,47.14,2093.57,3,0.893,51.05,0
97.56,703.35,38.22,1043.71,1,0.194,28.51,0
232.04,194.72,33.96,374.74,2,0.13,78.01,1
39.26,445.87,67.85,2930.03,3,0.976,50.62,0
290.95,31.18,42.13,930.15,1,0.868,96.27,1
136.14,533.48,61.12,1329.04,1,0.893,33.47,1
70.82,258.42,14.06,1984.61,0,0.886,71.45,0
22.05,718.34,42.0,171.62,1,0.542,94.66,1
50.93,710.49,61.42,2449.75,2,0.646,69.71,1
155.93,260.23,42.9,1656.08,2,0.545,88.41,0
101.1,720.77,51.67,906.83,3,0.051,84.47,0
248.67,796.93,29.18,278.66,3,0.746,42.41,0
129.27,660.33,11.01,571.25,3,0.505,64.01,0
74.61,675.9,34.76,2695.6,3,0.648,24.06,0
185.14,199.21,30.64,2089.47,2,0.503,58.2,0
212.03,461.36,61.36,824.71,0,0.492,30.74,1
50.11,53.8,20.86,290.24,3,0.172,76.94,0
50.29,75.93,67.84,2102.78,0,0.279,57.53,1
11.0,799.11,67.28,1759.98,1,0.159,47.01,1
220.92,261.31,21.1,1273.11,1,0.196,34.19,0
199.14,598.55,27.62,1154.47,3,0.973,99.88,0
142.39,645.33,63.21,728.76,1,0.153,16.45,1
253.25,686.42,67.83,2041.87,0,0.269,13.92,1
241.7,798.1,33.82,2914.94,0,0.591,29.55,1
175.61,193.2,25.86,609.57,1,0.61,97.4,0
260.48,32.28,39.2,1831.64,3,0.154,98.13,1
61.75,328.95,49.7,1330.14,0,0.794,68.94,0
33.58,104.06,22.78,1395.4,0,0.785,89.21,0
80.92,17.94,52.87,837.03,2,0.237,29.26,0
17.13,288.34,8.36,2492.89,3,0.289,97.48,0
159.35,626.99,8.2,1507.24,2,0.938,22.85,0
280.98,452.94,30.11,1675.88,1,0.826,19.1,0
11.8,250.22,27.98,983.81,1,0.698,20.1,0
36.63,523.47,25.52,627.24,2,0.082,61.58,0
135.66,185.61,36.92,349.14,3,0.418,80.29,0
280.16,11.51,25.85,2170.95,0,0.559,43.0,0
94.85,611.48,17.5,669.08,1,0.187,98.01,0
152.17,498.99,25.12,2101.22,3,0.448,49.1,1
12.47,609.84,68.37,1232.09,3,0.601,23.54,0
44.5,31.15,31.72,1305.75,1,0.327,51.94,0
295.99,669.7,33.91,1460.61,1,0.781,71.11,1
289.54,495.62,42.48,1166.35,3,0.84,84.9,1
1.48,450.72,68.92,391.8,0,0.324,51.29,1
285.54,499.69,20.7,997.93,2,0.839,63.42,1
191.74,691.55,49.28,2024.83,1,0.104,34.06,1
260.38,469.55,51.54,2030.77,2,0.838,68.13,1
136.42,464.76,44.48,930.05,3,0.153,98.74,1
154.68,792.54,10.76,1434.3,2,0.083,14.41,0
146.65,605.38,49.0,661.0,0,0.642,89.79,1
200.06,353.84,9.17,710.08,3,0.472,60.61,1
41.9,565.92,43.75,166.84,0,0.908,32.69,0
8.99,311.38,53.07,2700.56,3,0.363,95.94,0
92.38,183.1,18.71,711.05,0,0.287,53.5,0
211.4,477.48,59.71,759.85,3,0.501,39.85,1
60.56,742.55,6.97,910.84,0,0.456,26.33,0
202.03,743.31,59.85,469.48,3,0.344,32.0,1
290.97,273.52,34.92,1953.86,0,0.694,84.96,1
28.17,422.14,19.14,317.91,3,0.76,65.3,0
201.78,169.31,13.7,489.19,0,0.853,92.19,0
133.13,796.5,66.96,1969.79,1,0.973,30.88,1
260.44,784.89,9.72,1085.02,2,0.267,20.9,0
53.14,519.61,17.94,2153.05,3,0.716,10.55,0
207.79,643.53,27.61,1716.53,0,0.394,55.71,1
251.43,572.08,45.32,842.46,1,0.677,99.85,1
283.38,474.53,40.41,1987.4,3,0.476,72.55,1
204.97,42.68,13.17,437.19,3,0.994,37.76,0
149.15,363.81,23.83,1655.59,3,0.729,88.92,1
185.35,539.83,20.52,1367.73,2,0.952,80.36,0
260.67,542.03,18.88,876.83,0,0.835,11.39,0
171.18,298.5,31.72,1851.61,0,0.903,83.52,0
9.12,753.35,50.76,2626.87,3,0.814,37.05,0
279.28,133.89,19.13,2996.82,3,0.459,23.47,0
206.86,400.29,28.83,1862.51,3,0.252,30.37,0
202.95,552.71,30.41,1273.65,1,0.37,52.17,1
64.7,557.71,68.47,753.1,3,0.02,48.24,0
197.67,518.91,67.05,845.58,2,0.524,36.0,1
118.16,220.23,57.01,1490.42,0,0.505,25.5,0
195.37,124.97,20.71,1165.11,2,0.525,78.6,0
31.98,508.75,9.42,2750.06,3,0.974,99.11,0
197.35,479.44,25.6,1168.06,1,0.911,80.0,0
299.82,143.48,22.34,1182.99,3,0.162,36.63,0
14.46,564.11,37.89,1212.25,3,0.369,32.03,0
293.15,364.14,55.55,2526.2,3,0.424,29.59,1
122.07,534.21,60.79,1987.29,3,0.361,22.3,0
261.23,669.89,59.92,1881.09,3,0.798,59.62,1
234.72,135.78,28.38,1069.01,0,0.524,64.49,0
170.1,15.32,49.67,2471.92,2,0.572,73.5,0
221.53,623.28,25.33,211.26,1,0.853,71.22,1
263.55,487.76,8.96,2625.31,3,0.806,36.31,0
121.24,559.71,50.6,1586.97,1,0.132,39.73,1
98.11,670.52,5.64,1254.93,0,0.714,71.34,0
200.28,642.25,31.6,1541.79,2,0.435,41.45,1
242.35,768.74,26.41,2035.51,3,0.295,29.14,0
228.69,428.75,50.07,137.02,0,0.05,43.69,1
239.34,390.8,54.81,2627.5,0,0.487,34.49,1
130.67,321.51,24.77,1395.54,2,0.355,17.95,0
245.35,122.95,57.76,1094.6,3,0.252,84.71,1
36.06,458.09,24.1,500.91,2,0.695,86.78,0
163.35,221.61,34.01,1374.45,2,0.769,29.78,0
1.73,737.05,52.26,1539.34,1,0.245,15.83,0
97.38,466.55,50.04,1270.58,1,0.049,76.49,1
109.94,474.27,69.18,2068.11,2,0.849,29.04,1
118.85,283.94,19.64,1320.6,1,0.01,45.41,0
208.64,41.59,48.05,2888.11,0,0.937,15.77,0
116.57,25.4,44.63,1837.9,2,0.628,30.36,0
134.61,338.67,64.48,2441.69,3,0.322,81.36,1
71.26,67.65,15.16,417.13,3,0.246,82.4,0
111.98,485.48,53.87,1252.14,0,0.009,28.64,1
68.18,704.78,41.94,1076.86,3,0.235,40.23,1
21.96,706.33,22.85,1751.5,3,0.138,22.08,0
181.03,527.24,35.84,2597.23,2,0.612,16.68,0
200.46,168.99,26.7,327.18,0,0.167,99.3,1
185.85,690.4,42.66,310.47,2,0.529,69.0,1
139.05,708.87,62.79,2565.92,0,0.59,58.79,1
113.94,157.32,42.0,717.27,2,0.298,78.89,0
259.0,589.94,46.06,2039.38,2,0.035,85.61,1
155.72,229.22,38.72,1674.35,1,0.037,82.6,1
143.75,642.11,8.33,2515.39,3,0.026,11.49,0
7.69,797.79,20.14,462.76,0,0.739,26.81,0
102.37,24.02,36.98,476.37,3,0.318,68.94,0
114.06,717.89,25.17,1714.77,1,0.796,43.82,0
119.65,498.1,16.81,2844.5,0,0.432,98.42,0
174.05,778.71,37.77,1303.49,1,0.453,69.89,1
160.08,372.01,25.98,1048.13,3,0.513,96.09,0
182.37,677.91,21.78,1859.4,2,0.713,28.13,0
229.46,49.92,35.16,2798.3,1,0.274,87.76,1
243.9,268.22,13.66,2527.09,1,0.122,38.92,0
215.44,53.61,65.3,2986.9,2,0.556,99.06,1
286.66,780.27,61.4,165.45,3,0.327,24.19,1
5.47,653.58,51.0,427.29,1,0.442,56.47,0
58.73,682.04,11.9,1867.46,3,0.647,81.36,0
2.27,750.37,55.43,2479.67,2,0.494,48.94,0
194.24,68.08,57.52,927.21,0,0.62,52.13,1
269.41,308.48,54.9,793.71,1,0.544,98.77,1
73.04,56.83,12.41,2382.23,3,0.74,48.28,0
278.11,168.63,46.85,263.51,2,0.706,64.37,1
18.08,183.49,59.23,1171.21,2,0.534,14.91,0
280.33,375.29,42.53,1566.85,1,0.679,85.8,1
105.49,214.85,47.02,1725.01,0,0.874,68.34,0
30.43,80.78,34.79,2212.98,1,0.432,46.36,0
145.76,133.99,39.37,1129.05,3,0.413,11.46,0
77.03,117.82,7.23,1876.78,2,0.764,63.25,0
85.46,778.46,46.53,1797.59,0,0.583,11.14,1
92.19,607.43,10.29,1688.09,3,0.071,10.11,0
240.91,774.21,33.28,1957.4,1,0.892,65.45,1
161.75,351.79,24.02,852.4,2,0.031,27.01,0
93.39,222.69,40.45,345.48,1,0.748,27.27,0
183.1,638.63,13.67,445.89,0,0.759,68.79,0
214.85,261.0,49.96,751.29,0,0.953,14.83,0
81.79,239.51,56.68,1550.57,0,0.054,38.21,1
124.06,186.0,15.62,2537.28,0,0.597,23.45,0
36.57,103.74,11.78,2133.75,0,0.428,62.22,0
54.34,205.17,14.46,2388.22,1,0.331,69.56,0
204.34,284.26,62.01,1117.83,0,0.09,74.9,1
54.43,539.2,39.33,1273.5,0,0.563,32.97,0
157.55,50.05,35.37,1241.68,2,0.479,18.03,0
212.71,168.41,11.94,656.43,0,0.105,17.08,0
32.06,647.22,47.22,277.53,2,0.612,48.35,0
170.19,117.54,61.42,1813.66,2,0.738,95.13,1
76.97,274.12,58.83,2968.73,2,0.767,29.6,0
288.88,691.73,45.69,583.81,1,0.905,33.11,1
145.06,123.94,9.89,235.39,1,0.409,19.08,0
241.8,66.19,12.31,2360.64,3,0.953,64.5,0
165.07,387.63,8.21,832.5,3,0.865,71.19,0
13.02,241.94,21.74,2505.97,2,0.297,67.86,0
189.95,450.73,13.82,2141.42,1,0.159,87.5,1
285.42,643.04,21.9,2842.45,0,0.435,53.78,1
180.48,109.72,30.03,1285.89,3,0.402,22.1,0
245.76,464.56,66.29,2019.71,1,0.576,36.05,1
265.26,404.41,44.67,1448.08,0,0.583,69.62,1
68.42,115.26,59.27,1928.71,0,0.75,65.18,1
63.61,499.2,51.17,1403.84,1,0.51,57.79,0
183.29,218.91,12.31,647.03,3,0.105,71.47,0
123.31,390.27,52.83,1572.9,1,0.858,67.37,1
251.96,65.82,22.88,1632.89,3,0.31,89.32,0
270.01,367.67,46.54,2450.75,2,0.971,62.74,1
106.03,245.17,27.16,2233.01,1,0.118,80.07,0
71.06,657.9,69.85,2025.0,1,0.958,32.38,1
234.16,45.58,22.13,428.82,3,0.091,71.04,0
82.44,334.89,23.14,2189.79,3,0.231,91.2,0
246.78,366.75,65.49,1550.88,1,0.047,44.72,1
127.12,580.0,6.6,2692.89,0,0.705,80.12,0
200.26,459.43,50.28,2767.63,0,0.85,75.23,1
28.66,533.77,52.15,259.95,0,0.434,15.36,0
187.16,621.64,59.36,2479.86,2,0.929,62.34,1
135.53,689.76,68.34,209.32,2,0.59,21.72,1
175.98,251.1,68.41,1164.79,3,0.63,97.06,1
50.4,430.42,9.24,1672.67,2,0.845,83.03,0
221.06,672.09,58.42,529.49,0,0.297,19.88,1
258.84,791.56,47.01,2264.31,1,0.354,20.96,1
65.02,711.62,47.08,124.23,2,0.906,63.5,0
28.71,297.17,13.34,588.94,2,0.901,41.04,1
7.09,156.13,47.26,1784.31,0,0.976,13.14,0
192.59,391.51,68.86,2171.72,2,0.902,58.75,1
182.13,593.31,64.27,2758.26,3,0.127,44.91,1
164.01,394.06,33.54,2145.94,1,0.824,19.1,0
69.58,386.54,7.6,2048.16,0,0.41,82.17,0
117.27,670.58,28.55,1243.59,3,0.991,92.36,0
178.34,289.12,58.72,103.72,0,0.472,78.09,1
149.03,687.84,50.6,448.46,3,0.554,84.02,1
296.34,325.44,34.86,1650.21,1,0.53,29.48,1
40.93,262.59,8.58,2057.88,1,0.322,33.72,0
208.54,363.19,32.75,1310.6,3,0.075,28.77,0
121.3,609.96,35.49,2218.97,3,0.896,78.86,0
128.46,100.8,65.36,1613.4,3,0.803,95.31,0
215.28,157.14,46.67,315.11,3,0.14,74.52,1
207.73,761.16,25.26,656.85,3,0.777,89.33,0
297.38,140.39,39.15,2535.99,3,0.626,67.48,0
38.52,454.18,9.29,2202.25,1,0.409,44.89,0
31.23,463.45,68.22,2694.81,3,0.254,48.32,0
217.3,391.7,28.4,440.92,2,0.86,16.78,0
173.52,515.8,36.06,2971.65,1,0.7,12.83,1
82.25,183.86,28.09,707.28,0,0.548,72.59,0
23.83,442.13,49.36,134.16,1,0.61,49.46,0
25.7,297.74,48.05,2992.53,0,0.091,59.7,0
268.26,529.33,51.5,915.11,0,0.474,60.19,1
57.56,112.98,22.43,2037.26,2,0.194,34.96,0
97.01,456.7,25.52,612.38,3,0.208,52.83,0
68.0,148.22,13.14,1782.66,3,0.661,52.37,0
106.5,222.91,47.61,2721.7,1,0.911,44.96,0
20.83,174.97,7.59,1028.53,3,0.404,83.86,0
155.72,146.27,43.85,2043.74,2,0.208,50.6,0
20.28,660.57,61.53,644.92,1,0.649,64.33,1
240.11,228.57,62.9,1911.91,1,0.871,90.6,1
70.11,741.7,34.19,1075.71,1,0.748,87.96,0
162.0,775.94,34.85,712.5,3,0.869,90.14,0
264.02,457.01,10.0,1008.23,3,0.537,34.3,0
195.26,114.4,48.6,618.64,3,0.752,13.15,0
159.89,299.64,58.38,2715.56,1,0.14,33.5,1
97.3,638.19,20.9,1251.84,1,0.348,35.08,0
99.9,293.91,32.38,811.31,0,0.39,91.84,0
200.85,69.61,59.52,1400.38,0,0.511,68.43,1
298.24,445.43,62.01,1029.55,3,0.929,17.35,1
198.55,676.1,20.81,2258.82,1,0.874,22.18,0
167.34,636.74,40.79,2916.54,3,0.135,24.01,0
219.2,140.1,17.51,1370.3,3,0.173,66.74,0
139.56,538.21,11.62,2597.0,0,0.358,76.19,0
18.04,176.4,64.22,1741.0,2,0.291,87.37,0
168.69,174.57,58.33,555.98,3,0.615,94.66,1
287.29,699.26,54.4,2102.81,2,0.903,28.15,1
52.59,199.74,8.17,1588.96,2,0.962,37.88,0
207.0,210.6,59.84,1986.76,1,0.654,31.63,1
60.28,0.52,33.47,2680.09,1,0.838,42.29,0
160.75,696.54,27.26,1377.26,3,0.525,92.32,0
29.0,634.08,40.52,2713.42,0,0.208,61.76,0
135.11,501.86,10.94,2276.94,0,0.525,76.44,0
226.85,600.21,54.18,1516.95,3,0.555,54.11,1
104.27,121.64,42.86,1849.34,3,0.742,12.6,0
199.47,366.66,17.13,1044.19,0,0.22,15.78,0
238.63,280.98,17.24,2952.43,2,0.368,58.41,0
278.15,75.02,16.98,2035.32,3,0.364,74.69,0
70.39,388.9,8.71,227.16,2,0.959,29.38,0
119.79,736.59,43.21,1047.2,3,0.444,74.97,1
45.72,32.05,59.62,1907.61,3,0.755,82.96,0
297.75,233.17,6.14,263.37,2,0.751,47.07,0
278.1,166.03,8.19,169.26,2,0.266,77.18,0
161.99,190.52,42.23,1405.07,0,0.572,46.36,0
252.61,726.75,58.27,1064.8,3,0.894,71.05,1
156.29,374.46,26.24,1371.07,1,0.475,78.76,0
187.08,373.04,27.72,861.81,1,0.945,99.27,0
26.74,608.46,43.76,577.68,3,0.214,41.09,0
226.58,123.59,22.82,2098.52,3,0.074,46.99,0
38.31,389.81,6.73,1592.26,3,0.891,24.91,0
247.82,343.99,52.79,680.45,2,0.848,28.37,1
234.61,477.53,45.67,1026.81,1,0.993,72.41,1
212.62,799.65,42.75,1816.24,1,0.679,92.53,1
10.85,615.56,53.21,309.47,1,0.937,45.51,0
90.94,318.29,48.89,527.61,3,0.827,26.19,0
78.93,662.04,18.38,312.41,2,0.844,35.66,0
108.04,136.57,27.91,2455.72,3,0.569,50.95,0
26.29,24.37,13.2,2281.99,0,0.382,36.16,0
281.09,163.56,13.44,2284.61,0,0.935,31.02,0
166.14,272.33,48.95,2177.34,1,0.432,76.24,1
91.66,408.46,60.81,2041.22,3,0.539,10.71,1
119.09,492.1,67.58,1483.28,0,0.446,58.53,1
134.16,728.48,45.84,1962.61,0,0.565,81.44,1
180.18,407.88,16.97,211.25,3,0.471,33.96,0
154.7,401.02,11.87,1902.25,2,0.048,64.3,0
275.82,40.19,57.84,2355.85,3,0.882,70.2,1
149.09,27.93,42.62,1551.04,3,0.444,68.95,0
297.65,440.93,45.19,1136.79,2,0.589,50.13,1
255.43,350.54,55.8,904.54,1,0.139,41.19,1
62.55,671.34,50.71,1964.13,1,0.003,85.23,1
279.18,128.54,59.24,2109.12,1,0.245,78.26,1
34.91,19.98,8.65,2625.81,2,0.705,38.91,0
245.23,359.23,53.59,1092.77,0,0.099,19.27,1
114.19,189.98,60.31,2332.34,2,0.909,16.46,0
263.39,39.69,23.6,1727.93,3,0.215,18.48,0
260.42,579.68,46.63,2660.23,2,0.205,62.46,1
241.78,89.27,25.42,1630.66,0,0.182,14.65,0
237.01,486.66,67.27,1601.13,0,0.014,40.32,1
91.4,224.84,7.17,1775.84,3,0.772,77.79,0
24.28,138.8,42.69,2273.01,1,0.875,36.49,0
120.89,303.8,15.82,2897.6,0,0.614,78.7,0
52.06,641.16,51.29,313.33,0,0.188,77.09,1
208.49,313.67,16.43,254.96,0,0.285,32.12,0
103.83,600.62,20.3,2818.9,3,0.476,75.59,0
292.68,100.39,37.13,1636.64,0,0.954,77.3,1
192.29,618.22,64.46,1883.22,1,0.247,45.77,1
246.74,189.55,18.76,1499.03,3,0.732,28.94,0
39.76,541.91,14.38,371.61,1,0.439,56.91,0
258.6,452.63,54.33,2327.46,0,0.298,92.93,1
276.83,743.32,37.54,2266.95,0,0.456,67.57,1
146.12,309.86,64.27,1003.94,1,0.071,25.56,1
181.88,52.93,14.53,988.09,3,0.799,71.45,0
229.44,15.32,46.99,2529.74,3,0.243,48.45,0
52.45,661.49,20.14,309.84,1,0.725,63.24,0
150.77,419.79,15.19,2655.2,0,0.068,76.07,0
119.6,620.2,49.42,844.32,2,0.955,56.35,0
43.91,187.54,43.59,1819.66,1,0.193,83.26,0
110.26,276.07,54.06,2814.38,1,0.883,74.99,0
20.45,24.08,25.12,2066.56,1,0.809,65.36,0
7.74,769.19,34.12,1301.85,0,0.968,23.57,0
40.55,534.29,31.36,2099.65,3,0.478,85.24,0
288.93,746.56,68.97,1097.54,0,0.727,94.23,0
164.86,212.4,24.0,904.05,1,0.371,22.33,1
289.75,489.17,24.16,2990.38,0,0.184,53.94,1
129.75,542.8,28.05,2277.29,0,0.443,33.3,0
93.54,254.04,41.7,1969.69,1,0.166,77.91,0
151.84,678.49,21.4,1130.34,0,0.982,74.95,0
131.85,757.73,64.49,242.57,2,0.096,22.68,1
31.7,707.88,22.27,190.06,0,0.589,88.93,0
192.25,591.25,63.23,1707.13,0,0.626,26.29,0
64.81,221.97,11.73,2309.89,3,0.538,81.75,0
185.88,225.29,47.68,1658.4,3,0.662,51.13,0
195.06,770.69,63.95,2538.28,1,0.116,39.54,1
45.61,8.23,15.97,196.94,1,0.555,24.24,0
18.4,572.84,67.94,1163.58,3,0.287,25.09,0
234.23,565.0,34.44,787.5,2,0.94,69.57,1
137.94,498.15,66.47,1397.09,0,0.762,59.54,1
17.45,792.09,48.99,309.89,2,0.973,20.99,0
298.46,249.5,24.6,2866.98,2,0.038,20.14,0
17.33,271.98,17.24,747.44,3,0.285,16.51,0
208.51,63.15,24.74,2774.69,1,0.195,76.94,0
295.1,354.24,11.05,1335.09,0,0.011,74.07,1
71.75,208.84,14.35,2958.02,1,0.242,15.26,0
42.67,274.71,11.8,1706.77,2,0.679,60.42,0
36.42,667.66,32.49,2799.42,2,0.231,17.62,0
90.98,748.39,56.71,115.51,1,0.509,91.34,1
30.31,148.59,14.19,2269.89,1,0.888,91.64,0
207.65,298.01,13.47,2718.85,3,0.694,72.84,0
18.69,742.9,46.82,505.19,1,0.395,93.36,1
152.83,49.45,17.82,378.76,1,0.372,83.03,0
299.01,73.89,11.34,1331.26,3,0.456,84.57,0
244.19,130.23,15.85,2807.67,1,0.177,61.27,0
184.57,476.17,65.04,1672.92,2,0.634,37.55,1
91.88,120.38,58.4,1629.62,1,0.364,29.6,0
187.17,774.46,28.01,509.27,0,0.852,39.45,1
158.11,357.37,47.63,102.29,2,0.757,66.56,0
127.83,401.21,39.92,2449.41,3,0.611,25.54,0
39.21,197.33,49.01,353.97,2,0.364,33.28,0
265.98,376.77,49.37,1938.16,3,0.21,52.13,1
134.94,529.53,45.87,2752.39,0,0.776,30.97,0
58.39,600.94,22.3,705.09,0,0.486,62.98,0
110.33,603.09,7.54,2029.29,2,0.225,93.09,0
124.24,462.31,34.61,328.23,1,0.195,77.33,1
248.26,723.49,62.91,1850.89,2,0.165,69.98,1
220.08,653.93,42.02,575.4,2,0.777,62.44,1
230.79,605.64,59.11,2234.27,0,0.229,53.92,1
3.31,44.48,69.46,973.57,3,0.527,26.79,0
124.85,5.5,15.64,1443.83,2,0.452,90.52,0
144.4,169.96,49.97,1838.35,1,0.58,32.37,0
5.76,530.82,48.83,596.69,0,0.877,18.22,0
77.94,328.96,68.7,2250.75,2,0.868,77.5,1
228.09,321.93,69.06,977.66,2,0.451,25.81,1
41.13,707.67,49.63,2020.88,1,0.015,43.47,1
160.59,716.45,20.83,559.02,2,0.426,12.55,0
64.56,727.34,56.91,2095.54,2,0.606,22.34,0
3.64,251.1,11.96,471.75,2,0.558,25.59,0
72.36,552.84,55.75,1333.53,2,0.651,14.9,0
292.76,217.31,64.16,816.9,1,0.154,69.1,1
240.46,152.49,29.88,2270.29,2,0.647,85.33,0
287.87,147.71,45.99,859.9,2,0.183,43.6,1
146.36,273.69,32.96,2656.98,2,0.751,88.71,0
32.92,343.97,33.45,2686.28,0,0.339,29.2,0
164.39,664.76,25.17,669.68,1,0.71,39.29,0
136.31,95.91,54.54,1880.15,0,0.048,23.57,1
253.31,587.94,65.85,354.38,0,0.408,65.85,1
29.42,425.16,66.15,1235.46,1,0.705,47.79,0
146.47,230.36,16.36,2168.63,0,0.227,65.2,0
45.01,394.26,61.86,2012.33,0,0.795,78.55,1
97.4,239.95,52.93,1911.63,0,0.631,59.11,0
221.21,476.87,21.43,919.37,1,0.588,66.49,0
142.81,347.08,9.37,1196.27,2,0.354,94.17,0
112.77,131.52,22.42,398.54,3,0.482,36.92,0
118.34,93.27,64.29,2185.17,3,0.597,42.32,0
137.83,437.36,46.16,1561.28,1,0.472,74.59,1
235.5,721.93,51.87,2155.42,3,0.698,65.02,0
267.63,275.17,21.71,821.94,1,0.434,26.07,0
286.6,586.4,51.76,1040.87,1,0.202,43.85,1
236.07,526.93,6.83,1069.22,3,0.214,52.11,0
94.62,745.24,29.4,174.65,0,0.006,47.75,1
206.44,656.78,45.74,1089.04,2,0.301,26.04,1
131.28,453.28,14.5,2429.58,3,0.749,93.2,0
76.4,525.62,58.5,2702.17,3,0.794,78.61,0
252.26,718.71,20.28,1602.83,3,0.202,53.32,1
11.53,319.62,47.4,1420.95,3,0.959,71.21,0
270.53,261.44,31.34,189.39,1,0.502,90.76,1
138.44,8.65,43.74,2649.69,1,0.917,22.26,0
191.16,661.24,11.98,137.73,2,0.707,32.53,0
197.81,640.78,6.1,2839.78,2,0.722,58.84,0
268.54,83.56,64.12,1518.73,3,0.085,81.91,1
191.0,461.49,22.53,1091.61,3,0.22,13.26,0
184.18,371.19,58.28,2780.23,3,0.009,98.56,1
20.0,94.97,69.96,170.73,2,0.716,50.94,0
155.52,784.45,18.74,1786.13,3,0.344,42.33,0
45.05,171.76,22.24,1691.9,0,0.787,36.35,0
221.23,53.79,48.09,736.03,2,0.339,25.69,0
153.67,475.88,67.75,1343.77,0,0.819,81.24,1
204.07,591.09,64.53,1991.57,3,0.131,95.99,1
12.5,25.95,37.69,2208.68,1,0.173,47.23,0
25.44,526.97,56.68,102.08,0,0.341,95.72,1
214.9,425.83,13.82,2816.87,2,0.408,84.14,0
21.63,82.61,68.53,577.12,0,0.349,53.29,0
21.38,138.02,67.68,777.38,2,0.764,70.66,0
3.63,454.38,15.64,864.07,3,0.097,49.15,0
286.95,237.09,24.46,209.68,0,0.351,60.29,1
221.25,750.65,11.51,456.85,1,0.837,15.22,0
105.98,654.99,22.66,2960.41,0,0.067,72.66,1
88.96,786.85,58.04,1014.13,1,0.942,14.75,1
104.91,207.74,29.59,434.37,2,0.986,83.54,0
232.4,775.78,10.75,410.27,3,0.089,84.25,0
198.41,344.99,27.24,2186.43,3,0.291,31.34,0
55.56,278.02,68.79,2578.25,1,0.372,39.13,0
52.23,40.28,45.93,845.16,2,0.776,53.32,1
29.52,42.21,32.05,160.64,3,0.596,63.7,0
198.09,553.61,15.83,746.96,2,0.644,35.86,0
229.31,366.34,69.1,263.9,1,0.758,63.32,1
79.51,181.22,58.36,399.85,1,0.118,36.8,0
6.28,491.18,23.3,1351.37,0,0.833,14.99,0
24.65,202.29,9.55,766.76,3,0.706,10.23,0
290.36,462.11,8.68,1596.24,3,0.577,19.1,0
88.63,287.37,12.82,835.13,0,0.89,81.3,0
230.77,658.84,42.75,2827.56,1,0.7,96.53,1
187.4,656.56,65.37,2727.24,1,0.202,48.43,1
114.58,381.88,37.29,1743.74,1,0.43,56.14,0
61.71,280.66,59.79,1127.83,1,0.494,23.22,0
36.42,290.05,33.98,1205.33,2,0.055,59.59,0
184.5,644.57,51.06,1294.37,3,0.955,23.02,0
232.39,262.54,52.57,2209.98,3,0.129,65.01,1
193.17,167.25,16.31,1409.75,1,0.697,93.99,0
159.09,67.75,28.48,2584.52,1,0.506,27.61,0
12.59,373.35,46.42,2837.87,1,0.026,78.81,0
290.55,385.71,9.6,1074.24,3,0.925,12.12,0
239.61,672.73,28.5,1726.01,3,0.852,43.79,0
87.85,176.99,39.76,375.66,1,0.524,19.97,0
293.99,304.79,69.75,681.36,2,0.229,41.72,1
180.56,646.72,35.84,1299.05,0,0.122,25.62,1
174.73,658.9,58.04,697.99,0,0.363,43.6,1
224.42,307.69,33.08,2642.03,0,0.255,47.58,1
243.53,367.3,56.77,559.03,3,0.507,37.05,1
196.94,242.63,43.7,1421.42,3,0.966,69.1,0
38.43,746.04,62.63,1856.53,0,0.575,92.7,1
101.48,94.92,31.71,2106.41,0,0.89,46.05,0
278.43,747.0,44.28,1210.9,2,0.651,27.31,1
67.38,547.09,45.95,2620.39,3,0.475,34.37,0
111.65,425.26,32.13,1748.13,3,0.855,86.86,0
129.62,26.13,14.38,1374.57,0,0.471,61.45,0
131.82,380.48,11.08,295.0,2,0.869,50.95,0
183.88,326.2,6.08,1447.6,2,0.292,23.47,0
282.92,128.98,61.78,2480.13,0,0.129,50.48,1
72.21,525.13,20.37,1882.17,0,0.855,35.06,0
36.45,776.92,18.75,2513.27,3,0.587,94.88,0
59.24,449.75,52.84,1532.63,0,0.889,89.57,1
266.08,571.8,25.8,443.54,1,0.938,17.55,0
193.74,54.76,37.89,139.56,2,0.054,56.5,0
85.77,334.13,15.56,979.34,0,0.501,30.26,0
244.78,93.09,67.38,2124.17,1,0.375,46.97,1
258.41,490.24,60.35,2391.75,2,0.626,88.92,1
253.95,750.79,61.15,957.68,1,0.794,57.48,1
275.68,529.42,31.44,1537.4,1,0.281,40.08,1
75.67,61.44,54.55,1321.24,0,0.557,28.71,0
226.51,283.73,14.35,1290.52,2,0.709,82.03,0
138.16,440.53,5.56,770.91,1,0.134,66.21,0
252.6,322.57,6.3,495.48,3,0.814,52.13,0
218.55,666.92,43.13,670.4,2,0.606,29.57,1
232.93,651.74,34.6,260.46,3,0.95,40.08,0
196.85,489.46,38.67,674.58,0,0.34,96.39,1
53.23,298.77,5.49,126.68,3,0.108,56.81,0
163.51,204.27,32.47,1919.05,2,0.507,46.06,0
295.4,84.7,51.67,1017.49,1,0.086,56.93,1
281.22,283.92,33.78,2922.12,1,0.97,80.11,1
12.95,330.54,52.59,661.78,2,0.039,40.61,0
49.44,540.66,20.15,1102.9,1,0.754,26.08,0
39.52,526.53,57.85,1137.74,3,0.525,62.64,0
217.79,56.09,43.25,124.51,1,0.369,69.87,1
245.34,316.21,18.7,2533.7,1,0.066,74.14,1
64.05,145.42,20.39,192.78,3,0.622,89.38,0
151.76,125.45,45.82,2826.52,3,0.585,43.41,0
252.21,661.84,58.95,2687.02,3,0.281,16.78,0
219.84,33.53,32.02,1653.01,0,0.91,96.25,0
162.67,335.35,21.79,1676.43,3,0.304,49.15,0
177.1,134.56,61.36,1995.96,3,0.45,66.09,0
152.51,703.46,48.5,1222.45,0,0.544,69.97,1
89.26,445.63,34.13,1976.94,1,0.1,59.19,0
169.51,185.1,36.71,229.83,3,0.932,28.47,0
206.67,401.94,18.28,256.74,2,0.375,77.96,0
262.0,585.19,45.74,1425.97,3,0.081,82.34,1
190.89,766.49,28.32,1693.9,3,0.387,59.77,0
228.34,176.36,69.72,2674.67,0,0.6,53.97,1
48.02,708.95,36.21,403.52,2,0.514,20.25,0
138.47,747.44,36.58,2485.68,1,0.695,17.56,0
2.8,733.14,41.78,709.14,1,0.055,40.56,0
74.0,508.33,64.59,1242.84,2,0.285,37.98,1
217.94,503.86,57.05,1018.15,3,0.819,95.83,1
297.54,322.57,34.32,1260.45,0,0.08,80.53,1
29.75,601.92,51.72,536.44,2,0.855,69.39,0
120.45,425.04,43.11,1560.35,2,0.092,56.59,0
240.02,541.95,37.0,2424.76,1,0.834,25.06,1
61.21,342.77,17.5,1380.45,0,0.361,98.06,0
166.53,585.2,35.16,1522.78,2,0.612,43.75,0
219.92,659.58,20.98,2561.43,0,0.153,19.62,0
184.8,117.15,64.46,2147.57,3,0.066,54.44,1
56.41,666.34,26.8,1522.32,1,0.216,88.66,0
106.62,432.24,66.9,847.32,3,0.128,89.86,1
235.14,675.73,39.65,2666.29,0,0.312,10.99,1
166.27,345.04,46.05,1773.36,3,0.514,89.77,0
1.57,303.23,40.29,741.33,1,0.589,34.43,0
228.3,732.05,13.41,880.45,0,0.79,13.51,0
10.59,200.94,29.43,2429.09,2,0.656,86.3,0
223.72,675.37,11.44,228.02,3,0.609,87.75,0
60.74,387.22,45.49,2977.07,1,0.412,63.66,0
287.42,411.28,34.05,478.02,2,0.474,61.7,1
110.38,246.77,55.57,2408.6,1,0.415,83.18,1
98.08,458.43,19.33,1244.85,0,0.842,80.77,0
44.67,260.17,15.7,1527.43,0,0.23,90.11,0
91.68,31.42,31.41,2653.89,3,0.006,59.75,0
263.0,217.6,65.23,1297.44,1,0.651,97.09,1
298.9,5.1,51.18,1658.73,1,0.202,99.65,1
110.49,782.68,32.23,242.97,1,0.89,20.49,0
134.58,772.6,38.62,106.81,0,0.859,86.46,1
216.62,316.12,10.47,809.92,3,0.077,54.98,0
265.86,582.7,69.0,2073.69,1,0.106,44.88,1
177.91,276.64,48.32,451.67,1,0.495,65.18,1
117.46,536.87,23.55,429.91,2,0.609,15.04,0
123.79,644.34,43.08,1291.79,1,0.275,55.58,1
208.69,757.4,12.12,1978.73,3,0.717,88.38,0
0.97,320.17,67.78,2165.01,2,0.595,29.21,0
185.88,626.64,16.36,617.51,2,0.325,48.38,0
106.65,212.74,47.12,330.81,2,0.025,94.55,1
238.26,792.27,20.95,2827.15,0,0.75,48.57,1
27.9,20.62,51.64,855.93,2,0.215,42.25,0
176.46,482.82,55.49,2574.7,1,0.834,49.65,1
144.29,527.6,48.77,2604.13,0,0.42,56.75,1
192.7,550.44,44.94,2340.32,0,0.577,66.88,1
19.46,96.31,63.01,589.62,0,0.873,82.06,0
174.0,750.82,10.11,2483.22,0,0.864,50.69,0
168.45,144.95,26.51,2330.83,0,0.372,83.57,0
168.2,498.2,21.14,1830.5,0,0.209,58.03,1
181.05,178.14,69.22,1077.89,0,0.775,40.46,1
202.94,245.77,30.31,861.27,2,0.433,69.22,0
241.5,437.17,52.62,453.48,3,0.192,74.6,1
80.95,333.75,49.51,1578.3,1,0.904,60.22,0
247.51,128.18,18.79,1797.26,1,0.198,15.1,0
149.48,136.75,20.53,1142.08,2,0.026,25.29,0
23.12,334.52,23.28,1478.54,2,0.02,35.68,0
17.57,605.83,31.72,1154.19,0,0.622,35.44,0
100.27,718.37,20.23,1958.92,3,0.662,70.61,0
235.47,67.3,6.28,2713.65,0,0.311,11.65,0
212.3,314.48,62.16,575.37,2,0.32,78.01,1
236.58,80.2,67.76,1206.09,0,0.339,33.88,1
155.18,13.27,27.2,508.52,1,0.68,37.9,0
132.06,529.37,27.0,1912.34,1,0.058,57.51,0
44.24,481.96,5.46,2213.72,0,0.929,29.43,0
98.46,130.42,49.22,2802.55,3,0.223,89.6,0
130.21,187.05,58.65,908.73,0,1.0,17.68,0
26.58,18.97,14.53,2855.61,0,0.172,49.99,0
66.18,667.96,15.38,283.46,3,0.772,86.45,0
179.47,779.75,56.36,1848.74,3,0.223,65.43,1
220.7,108.37,45.06,265.68,3,0.081,36.31,0
299.5,185.18,7.92,2691.95,1,0.875,47.87,0
279.93,694.73,45.47,1636.45,0,0.859,73.6,1
192.77,741.17,25.08,2041.11,2,0.404,97.59,1
126.37,335.7,28.97,2511.56,3,0.702,90.38,0
190.85,40.5,55.03,535.9,3,0.557,40.82,0
235.7,31.51,57.71,211.92,0,0.853,99.84,1
35.5,459.16,31.02,2648.76,2,0.315,10.32,0
122.97,314.32,66.56,1013.31,0,0.524,12.49,0
251.94,22.92,31.42,474.04,0,0.485,84.15,1
115.15,466.6,55.17,1458.54,3,0.354,27.95,0
171.56,9.04,36.45,1835.09,3,0.891,15.47,0
176.33,629.9,63.34,189.81,1,0.166,31.34,1
55.34,245.15,64.0,897.2,2,0.15,48.35,0
108.67,32.21,10.68,195.12,2,0.577,75.75,0
100.35,470.68,65.87,1318.97,3,0.657,66.19,0
7.86,318.15,58.66,2695.79,3,0.195,31.39,0
7.26,779.04,56.44,2949.69,3,0.391,55.29,0
249.51,435.36,18.06,1947.44,2,0.947,93.36,0
81.92,220.19,57.33,568.75,1,0.247,83.35,1
155.42,567.55,60.26,2726.96,2,0.668,39.09,1
89.62,217.19,23.79,1597.12,3,0.74,98.4,0
282.2,723.39,66.9,545.87,3,0.448,73.78,1
77.79,299.78,8.24,2773.01,1,0.938,15.62,0
128.9,439.89,14.74,2296.66,0,0.737,13.16,0
261.82,40.46,39.94,2221.95,0,0.458,25.16,1
252.58,340.9,42.43,2156.62,2,0.569,75.51,1
55.83,665.89,46.93,680.99,0,0.693,26.54,0
240.79,644.52,6.1,711.92,0,0.592,56.03,0
137.46,179.45,67.42,2096.05,2,0.879,18.39,0
144.89,180.86,7.9,737.2,3,0.357,92.88,0
40.04,653.84,14.3,1372.15,0,0.3,40.96,0
24.18,744.32,5.91,2367.81,3,0.214,91.73,0
218.38,76.29,41.85,2373.46,2,0.038,95.04,1
148.94,360.05,65.6,1414.46,3,0.043,10.55,0
131.06,269.96,48.29,2397.35,3,0.87,51.77,0
218.85,696.55,58.47,2532.0,2,0.678,12.22,1
229.65,66.82,5.86,1998.85,3,0.661,91.78,0
47.67,168.9,40.23,762.43,0,0.615,56.66,0
183.07,601.97,34.87,894.63,0,0.849,16.74,1
40.61,41.04,37.43,1013.04,0,0.48,19.92,0
225.41,394.03,9.69,438.73,0,0.87,44.52,0
197.09,353.69,49.49,892.16,3,0.359,94.62,1
286.98,267.52,37.71,707.61,0,0.927,72.36,1
20.69,315.66,54.73,1420.45,3,0.699,88.09,0
17.12,423.95,36.54,2734.47,1,0.257,42.98,0
84.66,129.09,14.71,402.99,3,0.564,13.89,0
